lil,wayne’s,latest,big,performance,may,happened,super,bowl,sunday,appear,super,sized,saturday,night,live,blowout,celebration,50th,anniversary,special,aired,live,sunday,backed,roots,new,orleans,rapper,performed,explosive,career,spanning,medley,hits,including,uproar,lollipop,foot,foot,mrs,officer,finale,milli,performance,follows,announcement,tha,carter,finally,arriving,summer,five,days,big,game,wanted,play,got,wished,kendrick,lamar,best,teased,special,announcement,make,later,week,two,days,later,unveiled,release,date,long,anticipated,album,arrive,june,revealed,news,extended,cetaphil,commercial,titled,we’re,lil,sensitive,cheeky,play,disappointment,chosen,helm,super,bowl,halftime,show,anniversary,special,featured,bevy,musical,guests,sabrina,carpenter,paul,simon,opened,show,performance,homeward,bound,miley,cyrus,brittany,howard,roots,paid,tribute,sinead,o’connor,performing,prince,penned,nothing,compares,paul,mccartney,closed,show,medley,beatles,songs,including,golden,slumbers,carry,weight,end,
list,artists,saluting,patti,smith,upcoming,tribute,show,new,york,just,grew,longer,pretenders,chrissie,hynde,director,jim,jarmusch,former,bangles,frontperson,susanna,hoffs,irish,singer,songwriter,glen,hansard,new,york,rocker,jesse,malin,added,already,eclectic,lineup,singers,musicians,partaking,people,power,celebrating,music,patti,smith,carnegie,hall,march,concert,timed,coincide,50th,anniversary,smith’s,classic,horses,album,first,announced,last,november,initial,list,participants,spanning,alt,rock,classical,current,indie,included,michael,stipe,sharon,van,etten,matt,berninger,national,karen,kim,gordon,ben,harper,courtney,barnett,kronos,quartet,angel,olsen,kills,alison,mosshart,house,band,also,expanded,former,heartbreakers,keyboardist,benmont,tech,guitarist,charlie,sexton,now,joining,flea,smith’s,bassist,keyboardist,tony,shanahan,drummer,steve,jordan,back,singers,jarmusch,reading,smith’s,writings,poetry,produced,michael,dorf,presents,concert,also,marks,20th,edition,city,winery,founder,dorf’s,music,series,music,education,benefit,shows,past,honorees,included,paul,mccartney,joni,mitchell,bruce,springsteen,led,zeppelin,r.e.m,david,bowie,prince,smith,hasn’t,released,album,new,material,since,banga,active,books,poetry,outside,music,endeavors,latest,project,correspondences,video,installation,collaboration,stephan,crasneanscki,whose,soundwalk,collective,compiles,sound,recordings,around,planet,among,short,films,devoted,resilience,nature,chernobyl,nuclear,disaster,timely,history,wildfires,past,years,currently,kurimanzutto,gallery,new,york,feb,exhibition,features,smith’s,voice,reciting,lyrics,ambient,music,soundwalk,collective,
nicolas,cage,using,artificial,intelligence,manipulate,even,one,second,performance,just,dangerous,using,create,entire,work,scratch,accepting,award,film,dream,scenario,saturn,awards,actor,cautioned,compromising,creativity,letting,robots,dream,noting,finds,use,disturbing,robots,reflect,human,condition,cage,said,dead,end,actor,lets,one,robot,manipulate,performance,even,little,bit,inch,eventually,become,mile,integrity,purity,truth,art,replaced,financial,interests,let,happen,speech,comes,just,weeks,paul,mccartney,elton,john,issued,warnings,potential,copyright,law,allow,train,artists,work,speech,cage,recognized,threat,broader,problem,exists,across,mediums,job,art,view,film,performance,included,hold,mirror,external,internal,stories,human,condition,human,thoughtful,emotional,process,recreation,continued,robot,let,robots,lack,heart,eventually,lose,edge,turn,mush,human,response,life,know,life,robots,tell,know,caution,using,also,follows,backlash,brady,corbet’s,academy,award,nominated,film,brutalist,film’s,editor,dávid,jancsó,recently,admitted,using,film,render,series,architectural,drawings,finished,buildings,addition,enhancing,adrien,brody,felicity,jones,hungarian,dialogue,sound,authentic,editor,maintained,there’s,nothing,film,using,hasn’t,done,per,variety,open,discussion,tools,can,provide,jancsó,said,use,create,tiny,little,details,didn’t,money,time,shoot,previous,version,story,referenced,nicolas,cage’s,film,unbearable,weight,massive,talent,example,use,reference,removed,
back,eighties,nineties,release,major,rock,star,memoir,fairly,uncommon,event,noteworthy,ones,like,george,harrison’s,mine,iggy,pop’s,need,david,lee,roth’s,crazy,heat,popped,every,wasn’t,2000s,genre,started,making,regular,appearances,new,york,times,bestseller,list,thanks,landmark,works,like,anthony,kiedis,scar,tissue,bob,dylan’s,chronicles,volume,one,eric,clapton’s,autobiography,keith,richards,life,patti,smith’s,just,kids,recent,years,everyone,bruce,springsteen,cher,billy,idol,debbie,harry,elton,john,gregg,allman,neil,young,brian,wilson,mike,love,rod,stewart,morrissey,johnny,marr,thurston,moore,kim,gordon,written,books,there’s,still,long,list,stubborn,holdouts,here’s,look,nine,likely,reasons,yet,share,stories,world,hasn’t,happened,jagger,come,extremely,close,publishing,memoir,numerous,points,past,decades,even,inking,deal,publisher,picking,ghostwriter,always,gets,cold,feet,last,moment,actually,started,get,just,didn’t,enjoy,reliving,life,jagger,said,just,said,can’t,bothered,gave,money,back,wanna,write,autobiography,can’t,week,takes,lot,takes,lot,reliving,emotions,reliving,friendships,reliving,ups,downs,just,didn’t,enjoy,process,editor’s,picks,happen,likely,rolling,stones,grossed,million,playing,just,concerts,money,stands,make,even,huge,bestseller,come,close,require,lot,work,hassle,also,jagger,lived,many,lifetimes,past,eight,decades,suggested,that’s,lot,memories,he’s,probably,hurry,relive,memoirs,keith,richards,ronnie,wood,bill,wyman,along,countless,books,stones,they’ll,just,hasn’t,happened,george,harrison,released,mine,paul,mccartney,teamed,barry,myles,paul,mccartney,many,years,now,isn’t,technically,autobiography,based,hours,interviews,fully,authorized,mccartney,starr,however,refused,pen,book,i’ve,asked,write,autobiography,really,want,eight,years,told,rolling,stone,referring,time,spent,certain,sixties,rock,band,keep,saying,five,volumes,even,got,band,happen,fantastically,perverse,move,starr,indeed,published,five,books,don’t,even,get,reader,we’d,love,rory,hurricanes,book,there’s,much,market,ever,going,happen,he’d,likely,need,relent,focus,least,half,single,volume,book,beatles,doesn’t,seem,eager,now,age,clock,ticking,pretty,fast,we’re,betting,one,hasn’t,happened,simply,put,doesn’t,want,piss,everyone,world,ready,memoir,guarantee,nicks,told,billboard,men,hung,third,wives,now,wives,write,really,happened,now,lot,people,angry,it’ll,happen,day,just,long,time,won’t,write,book,everybody,old,longer,care,like,i’m,don’t,care,write,loyal,fault,certain,loyalty,people,love,love,always,love,throw,bus,absolutely,know,care,related,content,happen,smart,move,write,book,now,hold,back,everyone,might,offend,gone,doesn’t,even,start,exes,dead,senile,it’ll,likely,never,happen,we’d,say,one,proposition,best,billy,joel,hasn’t,happened,back,joel,took,million,advance,harper,collins,teamed,former,rolling,stone,writer,fred,schruers,memoir,titled,book,joel,last,minute,book,just,two,months,away,hitting,copies,already,sent,press,joel,returned,money,pulled,plug,whole,thing,took,working,writing,book,make,realize,i’m,interested,talking,past,joel,said,best,expression,life,ups,downs,remains,music,three,years,later,schruers,repurposed,material,billy,joel,definitive,biography,happen,someone,joel’s,immense,wealth,million,pocket,change,makes,playing,single,stadium,concert,wasn’t,interested,there’s,little,reason,think,he’ll,interested,unless,starts,feeling,nostalgic,wants,tell,story,it’s,late,odds,seem,one,robert,plant,hasn’t,happened,much,like,ringo,starr,plant,faces,issue,publishers,interested,one,portion,life,lot,crazy,shit,went,period,he’s,anxious,dredge,representing,challenge,order,plant,told,classic,rock,want,chum,cuddle,whole,idea,going,publisher,telling,stories,mean,stories,locked,nicely,two,ever,growing,ear,holes,fuck,there’s,lot,that’s,it’s,staying,happen,plant,doesn’t,want,something,doesn’t,period,led,zeppelin,reunion,tour,make,substantially,book,hasn’t,done,either,endeavors,force,spend,significant,time,past,he’d,rather,look,forward,one,never,ever,happening,hasn’t,happened,back,seventies,eagles,hired,fugs,frontman,sanders,write,official,band,biography,henley,even,gave,original,hotel,california,lyric,manuscripts,henley,didn’t,like,sanders,first,draft,whole,endeavor,got,brushed,side,group,broke,decades,later,hotel,california,papers,wound,center,legal,mess,new,york,that’s,way,complex,get,whole,thing,quite,possibly,soured,henley,idea,memoir,happen,infamous,sanders,book,never,see,light,day,it’s,possible,henley,decide,it’s,time,tell,story,point,right,now,he’s,making,astonishing,amount,money,playing,sphere,part,eagles,ongoing,farewell,tour,book,probably,won’t,even,thought,band,finally,wraps,career,real,hasn’t,happened,six,kids,regular,world,tours,charity,work,occasional,movie,yet,another,album,works,madonna,simply,hasn’t,time,sit,write,story,life,mind,though,i’m,sure,one,day,said,i’ve,got,many,tales,tell,wrote,book,start,finish,that’s,whole,lot,ground,cover,happen,gets,work,book,madonna,needs,finish,biopic,life,she’s,threatening,direct,years,movie,appeared,dead,brought,back,life,last,year,help,secretary,writer,erin,cressida,wilson,can,still,quite,possibly,several,years,away,can,maybe,start,thinking,book,whenever,happens,it’ll,big,deal,hasn’t,happened,rose,alleged,skeletons,closet,vast,majority,people,planet,doubt,just,google,erin,everly,lawsuit,lyrics,one,million,can’t,imagine,he’d,like,events,late,1980s,early,1990s,book,won’t,grant,interviews,days,even,talk,present,guns,roses,back,stadiums,following,reunion,slash,duff,certainly,doesn’t,need,money,happen,nah,axl,basically,invisible,world,he’s,onstage,gn’r,it’s,clearly,way,prefers,writing,book,means,just,talking,past,going,media,tour,sell,damn,thing,can,imagine,signing,books,barnes,noble,taking,photos,fans,can’t,either,hasn’t,happened,there’s,official,pearl,jam,book,band,published,commemorate,20th,anniversary,vedder,never,even,hinted,wants,write,memoir,doesn’t,skeletons,like,axl,rose,also,private,person,eager,dive,deep,past,it’s,nearly,impossible,example,imagine,writing,divorcing,first,wife,beth,liebling,details,pearl,jam,parted,ways,four,drummers,prior,matt,cameron,happen,believe,vedder,just,turned,pearl,jam,still,going,strong,even,they’ve,dramatically,cut,running,time,concerts,day,may,come,stop,touring,vedder,feels,like,putting,saga,paper,we’re,likely,long,long,way,away,day,
paul,mccartney,closed,saturday,night,live‘s,50th,anniversary,show,performing,medley,final,three,songs,beatles,album,abbey,road,mccartney,began,piano,golden,slumbers,singing,getting,back,homeward,fitting,conclusion,show,began,paul,simon,sabrina,carpenter,performing,homeward,bound,simon,george,harrison,played,snl,case,abbey,road,golden,slumbers,segued,carry,weight,end,mccartney,hopping,bench,drum,solo,picking,electric,guitar,solo,mccartney,sang,final,lines,song,end,love,take,equal,love,make,thanked,studio,audience,sunday,marked,mccartney’s,fifth,time,snl,musical,guest,role,recently,mccartney,new,york,earlier,week,couple,pop,shows,bowery,ballroom,band’s,encore,snl,setlist,golden,slumbers,carry,weight,end,
seven,years,paul,mccartney,played,surprise,show,grand,central,station,beatle,back,impromptu,new,york,city,concerts,mccartney,played,intimate,show,legendary,bowery,ballroom,feb,physical,tickets,available,box,office,mccartney’s,instagram,post,warned,fans,avoid,purchasing,tickets,third,party,vendors,fake,tickets,honored,entry,denied,show,sold,within,minutes,following,celebratory,evening,mccartney,announced,second,show,taking,place,feb,tickets,instantly,sold,third,show,since,announced,feb,doors,open,p.m,p.m,start,time,tickets,available,bowery,ballroom,box,office,surprise,gigs,mccartney’s,first,shows,spending,much,last,year,final,leg,got,back,tour,run,originally,launched,finally,wrapped,december,special,london,show,featuring,ringo,starr,ronnie,wood,one,resolution,musician,year,finishing,next,solo,album,short,fans,website,mccartney,said,he’s,working,lot,songs,put,album,side,focus,got,back,tour,i’m,hoping,get,back,finish,lot,songs,mccartney,wrote,how’s,new,year’s,resolution,finish,new,album,mccartney’s,recent,solo,album,mccartney,iii,arrived,follow,sorts,two,predecessors,mccartney,mccartney,though,directly,followed,solo,effort,egypt,station,article,updated,feb,include,second,show,announced,wednesday,sold,article,updated,feb,include,third,show,announced,friday,feb,
paul,mccartney,called,british,government,protect,artists,face,new,copyright,law,allow,rip,creators,speaking,bbc,mccartney,warned,bill,let,tech,firms,train,models,copyrighted,works,including,music,unless,artists,explicitly,opted,beatles,legend,said,change,approved,severely,impact,young,artists,career,get,young,guys,girls,coming,write,beautiful,song,don’t,don’t,anything,anyone,wants,can,just,rip,mccartney,told,bbc,truth,money’s,going,somewhere,gets,streaming,platforms,somebody’s,getting,money,person,created,shouldn’t,just,tech,giant,somewhere,somebody’s,getting,paid,shouldn’t,guy,sat,wrote,yesterday,december,artists,publishers,media,companies,banded,together,form,creative,rights,coalition,aims,keep,current,copyright,protections,place,despite,u.k,continued,courtship,technology,kind,mccartney,employed,beatles,now,we’re,people,you’re,government,you’re,supposed,protect,that’s,job,mccartney,said,lawmakers,interview,you’re,putting,bill,make,sure,protect,creative,thinkers,creative,artists,you’re,gonna,there’s,thing,government,it’s,responsibility,think,protect,young,people,try,enhance,whole,thing,works,people,got,job,can,enhance,world,wonderful,art,tom,kiehl,chief,executive,music,industry,body,music,told,bbc,government,plans,change,copyright,law,make,easier,firms,use,music,artists,composers,music,companies,without,permission,put,music,industry,huge,risk,
blast,blasters,paul,mccartney,told,crowd,end,surprise,tuesday,show,new,york,city,mccartney,played,spontaneous,gig,bowery,ballroom,beloved,rock,bar,lower,east,side,holds,people,presumably,warming,play,saturday,night,live,anniversary,weekend,blew,minds,hundred,shocked,lucky,fans,none,woke,day,imagining,might,store,mccartney,show,can’t,believe,we’re,said,grin,everybody,room,night,lives,nobody,fun,paul,always,thrives,smaller,venue,made,bowery,feel,like,cellar,full,noise,like,cavern,club,beatles,played,early,liverpool,gigs,early,fan,yelled,billy,shears,paul,replied,mccartney,just,announced,gig,noon,tuesday,warning,tickets,available,venue,first,come,first,serve,fans,grabbing,coats,literally,running,streets,lower,manhattan,one,fan,said,like,seeing,opening,chase,hard,day’s,night,except,instead,teenagers,mobs,middle,aged,people,dashing,city,streets,sixty,years,later,paul,inspires,kind,hysteria,see,run,added,surprise,wednesday,morning,announcing,second,show,venue,hours,venue,opened,doors,p.m,sidewalk,full,fans,snagged,ticket,time,talk,value,money,just,hoped,get,lucky,strangers,trading,paul,stories,crazed,theories,surprises,guests,might,store,special,guests,just,paul,boyish,energy,vigor,magnificent,four,man,band,he’s,fronted,past,three,decades,ripping,nearly,two,hours,one,classic,another,just,one,day’s,rehearsal,yesterday,told,crowd,usually,rehearse,just,don’t,care,editor’s,picks,whole,night,impulsive,suddenly,see,tell,need,energy,kicked,hard,day’s,night,mixed,hits,blackbird,jet,let,maybe,i’m,amazed,left,field,delights,like,mrs,vanderbilt,surprisingly,hearty,come,superb,egypt,station,pick,nobody,saw,coming,three,man,hot,city,horns,joined,jams,like,got,get,life,dusty,wings,groove,letting,crowd,front,packed,young,women,fact,paul,fail,notice,screamed,danced,we’re,worthy,bows,fact,universally,acknowledged,paul,gains,superhuman,powers,room,full,female,energy,let’s,get,way,said,psychedelic,painted,piano,girls,give,beatles,scream,room,exploded,paul,drank,every,last,drop,screams,admitting,can’t,resist,room,full,rowdy,punters,yelling,obscure,faves,solo,catalog,like,calico,skies,ram,paul,laughed,loud,one,fan,called,flying,home,there’s,always,old,folks,looking,deep,cuts,said,told,great,story,listening,sirius,beatles,channel,car,hearing,tune,fancied,made,driver,turn,paul,marveled,said,song,called,sweet,sweet,memories,said,don’t,remember,it’s,outtake,ground,said,side,single,even,sides,singles,maybe,related,content,kim,mpl,communications,ltd,sat,piano,beautiful,valentine,wife,nancy,recalling,wrote,first,trip,morocco,rolling,stone,colleague,angie,martoccio,pointed,night,happened,60th,anniversary,ringo,starr’s,wedding,maureen,cox,paul,didn’t,mention,maybe,that’s,felt,like,spirit,get,back,high,point,mean,besides,blackbird,white,album,gem,heart,live,show,nearly,years,just,paul,acoustic,guitar,asked,we’d,heard,story,wrote,song,everyone,yelled,yes,naturally,shrugged,i’m,gonna,tell,anyway,beautifully,typical,macca,moment,recalled,beatles,arrival,u.s,february,shock,sight,racism,refusal,play,segregated,show,jacksonville,florida,just,kids,mccartney,said,i’ve,got,grandchildren,older,now,even,huger,emotional,watershed,store,piano,right,drinking,audience’s,beatles,scream,mccartney,casually,began,rare,performance,now,john,demo,lovingly,turned,now,beatles,farewell,single,hearing,paul,sing,now,old,friend’s,adopted,city,felt,intensely,emotional,well,audience,john,much,love,new,york,city,said,love,john,let’s,hear,john,kim,mpl,communications,ltd,playing,new,york,often,seems,conjure,lennon’s,presence,garden,years,ago,surprised,crowd,saying,one,mate,john,casually,striking,day,life,first,time,tour,something,especially,intimate,now,lennon,wrote,song,alone,dakota,nyc,feeling,far,away,old,friends,dreaming,singing,thousands,people,heard,demo,years,paul,one,really,heard,oldest,friend,trying,express,spent,years,quest,bring,mate’s,unfinished,song,life,devastatingly,powerful,hear,paul,sing,now,city,john,wrote,bringing,back,home,moment,felt,intensely,private,eavesdropping,two,yet,massive,summed,whole,pained,story,friendship,one,performance,american,live,debut,now,years,beatles,invaded,big,apple,sullivan,show,february,fact,exact,date,fabs,first,u.s,concert,paul,made,magic,happen,snowy,winter,night,sometime,new,york,city,sense,emotional,urgency,went,deep,moments,like,let,roll,one,night’s,big,crowd,flatteners,gave,little,extra,intensity,key,line,want,tell,now’s,time,even,paul’s,standards,whole,show,joyful,explosion,full,spontaneous,flourishes,like,blasters,quip,seems,new,one,chemistry,tight,band,wix,wickens,keyboards,rusty,anderson,brian,ray,guitars,mighty,abe,laboriel,drums,last,time,mccartney,played,new,york,area,metlife,stadium,june,night,80th,birthday,night,sent,everyone,home,four,words,every,mccartney,fan,craves,hearing,see,next,time,ended,show,words,made,sound,like,statement,purpose,now’s,time,now,now,forever,set,list,hard,day’s,night,letting,got,get,life,let,roll,foxy,lady,valentine,nineteen,hundred,eighty,five,maybe,i’m,amazed,i’ve,just,seen,face,mrs,vanderbilt,blackbird,come,jet,get,back,now,lady,madonna,let,hey,jude,encore,golden,slumbers,carry,weight,end,
musicares,persons,year,benefit,gala,honor,grateful,dead,feature,list,group,performers,noah,kahan,john,mayer,vampire,weekend,maren,morris,lineup,along,dead,company,rolling,stone,learned,event,slated,jan,also,feature,zac,brown,sierra,ferrell,mick,fleetwood,stewart,copeland,dave,matthews,sammy,hagar,bruce,hornsby,norah,jones,dave,matthews,morning,jacket,billy,strings,war,drugs,war,treaty,wynonna,judd,dwight,yoakam,can,confirm,among,others,hollywood,reporter,first,report,lineup,dead,company’s,current,lineup,includes,grateful,dead,members,bob,weir,mickey,hart,alongside,mayer,jay,lane,oteil,burbridge,jeff,chimenti,event,likely,honor,dead’s,bassist,phil,lesh,died,october,age,august,also,marks,30th,anniversary,death,jerry,garcia,grateful,dead’s,lead,songwriter,guitarist,musicares,event,one,official,grammys,parties,remain,scheduled,numerous,others,including,spotify’s,best,new,artist,showcase,canceled,focus,efforts,raising,money,affected,los,angeles,fires,musicares,academy’s,non,profit,established,help,music,community,times,struggle,disasters,health,care,already,raised,million,wildfire,relief,funds,grateful,dead,join,long,list,previous,honorees,including,bob,dylan,joni,mitchell,dolly,parton,lionel,richie,smokey,robinson,carole,king,bruce,springsteen,paul,mccartney,barbra,streisand,marks,third,time,band,opposed,single,artist,received,musicares,annual,award,following,fleetwood,mac,aerosmith,garcia,lesh,also,first,people,receive,honor,posthumously,honor,truly,testament,legacy,music,always,bigger,it’s,connection,crew,who’ve,long,strange,trip,weir,lesh,hart,kreutzmann,said,statement,just,days,lesh’s,death,it’s,just,create,making,sure,people,behind,behind,every,night,ones,quietly,make,happen,get,support,need,keep,going,matter,life,throws,
surviving,members,nirvana,weren’t,part,official,fireaid,bill,took,stage,near,end,kia,forum,show,inglewood,california,tear,breed,vincent,school,kim,gordon,territorial,pissings,joan,jett,apologies,violet,grohl,year,old,daughter,dave,grohl,dave,grohl,krist,novoselic,pat,smear,dissolved,nirvana,kurt,cobain’s,death,came,back,together,record,cut,slack,paul,mccartney,two,years,later,inducted,rock,roll,hall,fame,performed,vincent,kim,gordon,joan,jett,lorde,later,night,played,extended,set,tiny,brooklyn,club,vitus,last,took,stage,together,cal,jam,san,bernardino,california,nearly,every,time,they’ve,played,since,cobain’s,death,female,singer,brought,sing,words,idea,came,early,rehearsals,hall,fame,thought,wait,women,grohl,told,rolling,stone,year,don’t,even,ask,anyone,else,can,fill,rock,roll,hall,fame,performance,incredible,women,singing,nirvana,songs,we’ll,achieved,revolution,also,added,whole,dimension,show,added,substance,depth,didn’t,turn,eulogy,future,initial,rehearsals,incredibly,emotional,first,time,played,together,like,seeing,ghost,grohl,said,second,time,little,reserved,last,time,played,like,fucking,demi,moore,patrick,swayze,pottery,wheel,scene,ghost,usually,got,song,third,take,started,sound,like,nirvana,road,crew,friends,room,launched,scentless,apprentice,first,time,jaws,floor,time,idea,they’d,ever,play,together,that’s,good,question,novoselic,told,rolling,stone,mean,there’s,foo,fighters,dave,projects,going,commitments,never,say,never,now,sure,won’t,say,maybe,can,even,new,music,one,day,
following,paul,mccartney’s,lead,elton,john,called,u.k,government,impose,new,rules,protect,copyrights,artists,musicians,amidst,rise,artificial,intelligence,new,interview,times,john,expressed,concern,wheels,motion,allow,companies,ride,roughshod,traditional,copyright,laws,protect,artists,livelihoods,specifically,john,backed,amendment,proposed,bill,voted,tomorrow,jan,extend,existing,copyright,protections,u.k,amendment,part,effort,preempt,possible,overhaul,u.k,copyright,law,potentially,give,generative,companies,greater,access,copyrighted,works,forcing,artists,rights,holders,actively,opt,works,used,allow,global,big,tech,companies,gain,free,easy,access,artists,work,order,train,artificial,intelligence,create,competing,music,john,said,dilute,threaten,young,artists,earnings,even,musician,community,rejects,wholeheartedly,mccartney,similarly,shared,concerns,frustrations,matter,saying,new,laws,allow,rip,creators,specifically,hinder,younger,artists,get,young,guys,girls,coming,write,beautiful,song,don’t,mccartney,told,bbc,don’t,anything,anyone,wants,can,just,rip,john,interview,noted,it’s,already,harder,ever,new,emerging,musicians,make,finances,industry,stack,sustain,fledgling,career,due,challenging,financial,situations,including,increased,costs,touring,undercutting,protections,allow,artists,profit,work,exacerbate,issues,argued,without,thorough,robust,copyright,protection,allows,artists,earn,hard,fought,earnings,music,uk’s,future,place,world,stage,leader,arts,popular,culture,serious,jeopardy,john,said,absolute,bedrock,artistic,prosperity,country’s,future,success,creative,industries,depends,
purchase,independently,reviewed,product,service,link,website,rolling,stone,may,receive,affiliate,commission,saturday,night,live,throwing,huge,party,50th,birthday,anniversary,special,airing,prime,time,sunday,special,feature,previous,cast,members,like,adam,sandler,pete,davidson,eddie,murphy,kristen,wiig,plus,slew,musical,performances,paul,mccartney,sabrina,carpenter,miley,cyrus,brittany,howard,paul,simon,lil,wayne,roots,friday,long,running,show,also,put,concert,glance,watch,anniversary,special,still,need,way,watch,milestone,celebration,read,everything,need,know,watch,anniversary,special,including,livestream,without,cable,watch,anniversary,special,online,anniversary,special,air,nbc,don’t,cable,can,stream,snl,special,online,using,live,streaming,service,carries,nbc,peacock,here’s,breakdown,options,directv,stream,carries,nbc,comprehensive,streaming,packages,service,begins,five,day,free,trial,plans,start,month,fubo,also,carries,nbc,making,another,option,streaming,anniversary,special,without,cable,one,starts,seven,day,free,trial,get,discounted,first,month,promotional,period,pricing,starts,month,can,also,stream,anniversary,special,hulu,live,carries,nbc,channels,pricing,starts,month,can,check,free,three,days,anniversary,special,simulcast,peacock,much,affordable,options,month,right,now,peacock,running,deal,offering,year,service,just,however,peacock,currently,offer,free,trial,anniversary,special,airs,live,sunday,feb,starting,p.m,p.m,anniversary,special,guests,performers,massive,roster,alums,musical,performers,joining,snl,50th,birthday,former,cast,members,bill,murray,eddie,murphy,tina,fey,kristen,wiig,adam,sandler,amy,poehler,others,set,appear,alongside,former,hosts,like,steve,martin,tom,hanks,scarlett,johansson,musical,performances,include,listers,like,paul,mccartney,paul,simon,miley,cyrus,bad,bunny,sabrina,carpenter,lil,wayne,brittany,howard,roots,
miley,cyrus,alabama,shakes,brittany,howard,roots,teamed,excellent,tribute,late,sinéad,o’connor,anniversary,special,sunday,aubrey,plaza,made,first,public,appearance,following,death,husband,jeff,baena,introduced,performance,backed,roots,cyrus,howard,duetted,soulful,gritty,rendition,prince,penned,nothing,compares,became,big,hit,o’connor,prince,also,served,snl,musical,guest,four,times,rousing,rendition,fitting,tribute,late,singer,appeared,snl,song,appeared,o’connor’s,sophomore,album,want,haven’t,got,single,became,worldwide,hit,spending,four,weeks,atop,billboard,hot,fans,may,wanted,o’connor,perform,megahit,musical,guest,appearance,instead,staged,protest,catholic,church,performing,bob,marley’s,track,war,cappella,held,photograph,pope,john,paul,proceeded,tear,pieces,fight,real,enemy,declared,whipped,pieces,stage,floor,set,feature,star,cast,alumni,favorite,hosts,musical,guests,including,bad,bunny,paul,mccartney,sabrina,carpenter,paul,simon,opened,show,tender,performance,homeward,bound,steve,martin’s,monologue,featured,martin,short,john,mulaney,
anniversary,special,billed,star,studded,affair,opened,sunday,big,guns,sabrina,carpenter,joined,paul,simon,perform,tender,rendition,simon,garfunkel’s,classic,homeward,bound,launching,song,appears,duo’s,third,studio,album,parsley,sage,rosemary,thyme,simon,told,carpenter,sang,song,george,harrison,snl,carpenter,cheekily,responded,born,neither,parents,didn’t,hold,back,beautifully,harmonizing,simon,trading,verses,gently,plucked,melody,acoustic,guitar,ended,famous,line,live,new,york,it’s,saturday,night,yes,it’s,sunday,totally,appropriate,given,50th,anniversary,celebration,marking,special,set,feature,musical,guests,including,paul,mccartney,bad,bunny,miley,cyrus,also,feature,array,stars,including,alumni,kristen,wiig,adam,sandler,eddie,murphy,farrell,amy,poehler,andy,samberg,chris,rock,fred,armisen,garrett,morris,jane,curtin,jason,sudeikis,jimmy,fallon,kate,mckinnon,kenan,thompson,laraine,newman,maya,rudolph,molly,shannon,pete,davidson,seth,meyers,tina,fey,tracy,morgan,forte,plus,fan,favorite,previous,hosts,like,dave,chappelle,martin,short,steve,martin,tom,hanks,watch,paul,simon,george,harrison,perform,homeward,bound,snl,
surviving,members,nirvana,reunited,time,post,malone,star,saturday,night,live,concert,friday,new,york’s,radio,city,music,hall,introduced,adam,sandler,reminisced,kurt,cobain,company,played,snl,cast,member,post,nirvana,malone,dave,grohl,krist,novoselic,pat,smear,roared,rendition,smells,like,teen,spirit,show,latest,sorta,nirvana,reunion,came,two,weeks,hervana,surviving,members,female,lead,vocalists,appeared,onstage,together,unannounced,guest,fireaid,concert,performance,band,joined,vincent,kim,gordon,joan,jett,violet,grohl,marked,first,hervana,set,since,rock,roll,hall,fame,induction,ceremony,cal,jam,there’s,also,sirvana,surviving,members,one,cut,slack,collaboration,paul,mccartney,malone,stranger,nirvana,performing,full,set,band’s,music,covid,era,livestream,house,performance,feature,band’s,surviving,members,travis,barker,drums,released,vinyl,first,time,april,record,store,day,exclusive,snl,concert,also,featured,performances,cher,lady,gaga,sang,dick,box,andy,samberg,returning,later,shallow,jack,white,concert,ending,set,neil,young’s,rockin,free,world,seven,nation,army,collaboration,david,byrne,robyn,dancing,must,place,arcade,fire,vincent,friends,eddie,vedder,covering,tom,petty,elvis,costello,bonnie,raitt,chris,martin,many,
saturday,night,live,alums,kristen,wiig,adam,sandler,eddie,murphy,ferrell,chevy,chase,among,comedians,making,special,appearances,within,sketch,show’s,50th,anniversary,special,anniversary,special,also,feature,appearances,amy,poehler,andy,samberg,chris,rock,fred,armisen,garrett,morris,jane,curtin,jason,sudeikis,jimmy,fallon,kate,mckinnon,kenan,thompson,laraine,newman,maya,rudolph,molly,shannon,pete,davidson,seth,meyers,tina,fey,tracy,morgan,forte,three,hour,telecast,premiering,feb,nbc,peacock,previously,announced,appearances,artists,including,bad,bunny,miley,cyrus,paul,mccartney,paul,simon,sabrina,carpenter,wasn’t,enough,stars,adam,driver,ayo,edebiri,dave,chappelle,john,mulaney,kim,kardashian,martin,short,pedro,pascal,peyton,manning,quinta,brunson,robert,niro,scarlett,johansson,steve,martin,tom,hanks,woody,harrelson,also,make,call,sheet,special,adds,list,works,celebrating,prized,sketch,show’s,legacy,saturday,night,columbia,pictures,film,documenting,show’s,first,broadcast,arrived,october,beyond,saturday,night,four,part,docuseries,released,jan,questlove,directed,three,hour,documentary,ladies,gentlemen,years,snl,music,came,jan,friday,peacock,release,homecoming,concert,radio,city,music,hall,jimmy,fallon,host,night,music,performances,arcade,fire,backstreet,boys,bad,bunny,bonnie,raitt,brandi,carlile,brittany,howard,chris,martin,david,byrne,devo,eddie,vedder,jack,white,jelly,roll,lady,gaga,miley,cyrus,mumford,sons,post,malone,preservation,hall,jazz,band,robyn,52s,roots,also,performing,
kanye,west,dropped,talent,agency,following,controversial,rapper’s,meltdown,social,media,weekend,included,selling,swastika,shirt,making,string,antisemitic,remarks,posting,several,pornographic,videos,feed,daniel,mccartney,works,talent,agent,west,said,instagram,story,monday,effective,immediately,representing,west,due,harmful,hateful,remarks,west,can,stand,unclear,west,signed,west,team,member,yeezy,also,left,west’s,one,time,chief,staff,eric,cui,quit,sunday,rolling,stone,learned,came,shortly,west,defended,sean,diddy,combs,physically,abusing,girlfriend,casandra,cassie,ventura,posting,screenshots,hotel,surveillance,video,showed,combs,attacking,loved,working,yzy,believed,dream,cui,wrote,statement,posted,instagram,believe,free,speech,use,free,speech,say,violence,crimes,women,children,wrong,west,kicked,tweeting,spree,thursday,night,unleashing,stream,vile,offensive,posts,next,days,later,praised,thanked,elon,musk,allowing,vent,freely,without,kicked,social,media,platform,tipping,point,came,west,purchased,airtime,super,bowl,sunday,night,directed,viewers,yeezy,website,selling,white,shirt,displayed,swastika,tuesday,shopify,spokesperson,confirmed,rolling,stone,company,pulled,website,violating,terms,day,west,sued,former,yeezy,staffer,claimed,west,targeted,taunted,jewish,west,deactivated,formerly,twitter,account,monday,i’m,logging,twitter,wrote,cathartic,use,world,sounding,board,like,ayahuasca,trip,love,gave,energy,attention,
dave,grohl,joined,list,performers,celebrate,50th,anniversary,saturday,night,live,musician,take,part,snl,homecoming,concert,feb,radio,city,music,hall,new,york,city,alongside,lady,gaga,bad,bunny,miley,cyrus,post,malone,chris,martin,grohl,included,initial,lineup,announced,last,week,appear,new,promo,special,stream,live,peacock,concert,special,executive,produced,snl,creator,lorne,michaels,mark,ronson,hosted,jimmy,fallon,foo,fighters,largely,public,eye,since,last,september,grohl,confirmed,fathered,child,outside,marriage,announced,news,instagram,noting,love,wife,children,everything,can,regain,trust,earn,forgiveness,we’re,grateful,consideration,toward,children,involved,move,forward,together,shortly,foo,fighters,dropped,lineup,soundside,music,festival,bridgeport,connecticut,canceling,set,two,days,set,headline,musician,kept,low,profile,since,waiting,last,week’s,fireaid,concert,los,angeles,reemerge,charity,event,held,two,venues,grohl,joined,fellow,nirvana,members,krist,novoselic,pat,smear,perform,breed,vincent,school,kim,gordon,territorial,pissings,joan,jett,apologies,violet,grohl,grohl’s,year,old,daughter,grohl’s,inclusion,snl,fitting,drummer,appeared,late,night,sketch,show,times,now,holding,record,musical,appearances,show,performed,nine,times,foo,fighters,twice,nirvana,well,drummer,tom,petty,heartbreakers,member,crooked,vultures,addition,foo,fighters,joined,mick,jagger,grohl,nirvana,bandmates,joined,paul,mccartney,later,year,grohl,recently,appeared,years,snl,music,documentary,discuss,relationship,show,snl,homecoming,concert,feature,lady,gaga,bad,bunny,miley,cyrus,post,malone,chris,martin,jelly,roll,david,byrne,post,malone,eddie,vedder,jack,white,brittany,howard,roots,devo,brandi,carlile,mumford,sons,backstreet,boys,arcade,fire,52s,preservation,hall,jazz,band,november,rolling,stone,ranked,best,snl,musical,performances,ahead,show’s,50th,anniversary,year,several,performers,slated,snl,anniversary,concert,appear,list,nirvana,
dolla,ign,appeared,respond,kanye,west’s,latest,string,offensive,posts,short,statement,shared,instagram,stories,last,night,address,west,directly,mention,name,wrote,condone,form,hate,speech,towards,anybody,west,collaborated,frequently,years,formed,duo,point,west’s,history,antisemitism,making,offensive,remarks,well,known,documented,february,released,debut,album,first,reported,trilogy,vultures,original,album,cover,notably,featured,art,german,painter,casper,david,friedrich,whose,work,widely,beloved,nazis,paired,typography,seemed,nod,toward,burzum,norwegian,black,metal,band,fronted,nazi,sympathizer,convicted,murderer,eventually,replaced,vultures,followed,august,since,there’s,word,final,installment,arrive,representative,dolla,ign,immediately,return,rolling,stone‘s,request,comment,status,vultures,plans,remain,member,west,launched,latest,tear,last,week,posting,spree,spewed,lot,kind,antisemitic,stuff,previously,got,banned,platform,last,time,along,variety,homophobic,misogynistic,ableist,posts,posting,continued,weekend,though,monday,feb,appeared,west,deactivated,account,accord,though,focus,controversy,shifted,west,purchased,airtime,super,bowl,yeezy,commercial,featured,dentist’s,chair,asking,people,company’s,website,one,item,available,white,shirt,swastika,since,yeezy,store,page,taken,shopify,violating,company’s,terms,service,west,dropped,talent,agent,daniel,mccartney,west,
tina,fey,amy,poehler,seth,meyers,held,reunion,jimmy,fallon,last,night,tonight,show,fey,poehler,interrupted,host’s,monologue,much,feigned,surprise,critiqued,joke,telling,trump,banning,paper,straws,that’s,best,you’ve,got,fey,asked,think,can,better,fallon,replied,yeah,yeah,poehler,insisted,group,joined,seth,meyers,staged,impromptu,joke,dubbed,tonight,show,joke,involving,series,set,ups,red,buzzer,joke,set,ups,involved,kendrick,lamar,paper,straws,domino’s,new,pepperoni,pizza,perfume,one,overall,winner,fey,got,particularly,good,zinger,drake,later,late,night,show,fey,poehler,sat,fallon,reflect,part,saturday,night,live,hosting,weekend,update,comedians,also,teased,anniversary,special,air,nbc,peacock,sunday,interview,fallon,asked,always,know,great,combination,fey,responded,it’s,long,time,we’ve,paired,right,yeah,we’ve,friends,years,we’ve,together,stuff,lot,poehler,said,added,weekend,update,fallon,fey,hosted,first,i’m,kind,like,tina’s,second,wife,guys,first,came,got,second,wife,goodness,remember,watching,guys,thinking,wow,seems,hard,hope,never,joked,snl,feels,like,college,never,get,now,fey,poehler,heading,back,ongoing,restless,leg,comedy,tour,march,starting,florida,tour,also,take,cities,like,detroit,phoenix,las,vegas,culminating,back,back,shows,new,jersey,including,two,atlantic,city,performances,june,show,next,day,newark,anniversary,special,feature,appearances,numerous,snl,alums,including,kristen,wiig,adam,sandler,eddie,murphy,ferrell,fred,armisen,andy,samberg,chevy,chase,three,hour,telecast,also,include,appearances,musical,artists,including,bad,bunny,miley,cyrus,paul,mccartney,paul,simon,sabrina,carpenter,celebs,like,adam,driver,john,mulaney,kim,kardashian,martin,short,pedro,pascal,robert,niro,scarlett,johansson,tom,hanks,
near,end,50th,anniversary,saturday,night,live,special,sunday,night,original,cast,member,garrett,morris,sat,chair,show’s,primary,stage,a.k.a,home,base,introduce,don’t,look,back,anger,snl,short,imagined,elderly,john,belushi,last,survivor,first,group,ready,primetime,players,film,rolled,morris,quipped,joined,cast,idea,required,many,reunion,shows,last,night’s,show,fourth,time,snl,celebrated,long,storied,history,primetime,like,15th,anniversary,show,25th,anniversary,40th,also,countless,specials,documentaries,including,flood,peacock,last,months,like,questlove’s,tribute,show’s,musical,history,four,parter,included,entire,episode,lorne,michaels,return,show,five,year,break,first,went,poorly,fired,bulk,new,cast,including,young,robert,downey,joan,cusack,season,many,salutes,snl,anniversaries,specials,developed,formula,almost,familiar,structure,regular,show,steve,martin,came,monologue,last,night,complained,saddled,show’s,least,successful,weekly,component,just,40th,just,tom,hanks,15th,tina,fey,amy,poehler,segment,took,questions,star,studded,studio,audience,seth,meyers,pointed,excuse,incorporate,celebrities,otherwise,wouldn’t,part,show,hanks,jerry,seinfeld,conducted,similar,25th,40th,robin,williams,unplanned,version,15th,sent,fill,time,crowd,work,someone,realized,show,running,short,many,archival,clips,featured,one,prior,anniversary,shows,like,martin,gilda,radner,frantically,dancing,together,bar,short,film,phil,hartman,jan,hooks,shared,fantasy,waltz,two,50th’s,musical,guests,paul,simon,staple,series,going,back,second,ever,episode,paul,mccartney,two,pauls,dueted,i’ve,just,seen,face,40th,andy,samberg,another,digital,short,history,snl,40th,people,breaking,character,sketches,explaining,bowen,yang,everyone,show,struggles,anxiety,editor’s,picks,left,chris,rock,kenan,thompson,leslie,jones,tracy,morgan,eddie,murphy,tracy,morgan,black,jeopardy,chris,haston,nbc,meryl,streep,kate,mckinnon,pedro,pascal,close,encounter,sketch,chris,haston,nbc,one,hand,familiar,nature,much,50th,anniversary,special,suggested,overkill,despite,that’s,happened,america,world,since,wasn’t,long,ago,hand,excess,self,indulgence,baked,snl,dna,start,michaels,creating,show,today,it’s,hard,imagine,make,episode,minutes,long,least,two,musical,performances,troublesome,monologue,elements,that’s,just,way,back,it’s,way,things,still,done,show,also,long,tradition,reusing,characters,jokes,well,past,they’ve,lost,effectiveness,kristen,wiig’s,tenure,show,involved,introducing,wonderful,characters,kept,brought,back,least,half,dozen,times,sense,50th,special,like,40th,felt,appropriately,like,snl,microcosm,longer,needed,creatively,uneven,number,baffling,choices,also,great,comedic,highs,ultimately,felt,nice,many,representatives,many,different,eras,show,together,studio,related,content,15th,25th,anniversary,shows,primarily,made,cast,members,introducing,archival,clips,40th,michaels,shifted,supersized,celebrity,packed,version,regular,show,cast,members,old,new,performing,live,sketches,special,leaned,heavily,21st,century,snl,stars,characters,including,early,evening,placement,latest,sketch,featuring,current,cast,member,chloe,fineman,woman,keeps,cheating,husband,marcello,hernandez’s,domingo,highlights,tended,involve,different,snl,generations,colliding,40th,anniversary,eddie,murphy,biggest,star,show,ever,produced,arguably,single,valuable,regular,seemed,bored,onstage,couldn’t,bothered,appear,sketch,status,veteran,brief,michaels,free,period,early,eighties,plus,lingering,bitterness,david,spade,mocking,struggling,film,career,nineties,never,acted,like,member,family,way,say,adam,sandler,agreed,host,show,back,seemingly,enjoyed,experience,enough,stole,pair,sketches,last,night,first,stunningly,perfect,impression,tracy,morgan,cracking,leslie,jones,actual,tracy,morgan,black,jeopardy,teaming,kenan,thompson,ferrell,reprise,thompson’s,old,scared,straight,recurring,sketch,amy,poehler,maya,rudolph,brought,back,old,bronx,beat,fake,talk,show,middling,interview,miles,teller,joined,mike,myers,coffee,talk,host,linda,richman,joy,2000s,stars,getting,banter,nineties,predecessor,one,beloved,characters,palpable,weekend,update,former,update,anchor,bill,murray,appropriately,disrespectful,current,anchor,colin,jost,ranking,best,hosts,duos,made,nepotistic,choice,top,spot,brother,brian,doyle,murray,hosted,briefly,called,snl,newsbreak,seventh,season,also,update,cecily,strong’s,girl,wish,hadn’t,started,conversation,party,revealed,pregnant,baby,bobby,moynihan’s,drunk,uncle,another,filmed,short,original,cast,member,laraine,newman’s,nostalgic,return,studio,accompanied,pete,davidson’s,bored,dim,chad,adam,sandler,paying,tribute,show,song,theo,wargo,nbc,left,kenan,thompson,eddie,murphy,ferrell,marcello,hernandez,mikey,day,scared,straight,chris,haston,nbc,probably,vein,special,mined,even,given,three,half,hour,running,time,clear,desire,incorporate,many,former,cast,members,possible,lot,time,though,got,straightforward,returns,familiar,characters,paired,special,guests,like,meryl,streep,somehow,never,hosted,show,cracking,kate,mckinnon,night’s,second,funniest,performer,murray,playing,mother,mckinnon’s,frequent,ufo,abductee,colleen,rafferty,kim,kardashian,playing,one,sisters,wiig’s,freakish,dooneese,another,lawrence,welk,show,parody,night,big,enough,event,megastars,many,eras,wherever,cameras,turned,onto,studio,audience,one,point,jack,nicholson,another,surprising,never,host,made,first,public,appearance,years,introduce,anger,management,star,sandler,performed,lovely,musical,tribute,years,show,many,longtime,crew,members,several,cast,members,died,past,years,including,hooks,radner,sandler’s,friends,chris,farley,norm,macdonald,airing,don’t,look,back,anger,sadly,ironic,short,since,belushi,became,first,cast,pass,away,last,closest,special,got,memoriam,segment,though,seemed,moment,hanks,going,introduce,one,late,show,instead,setting,montage,sketches,characters,aged,horribly,like,adrien,brody,rasta,lucy,liu,cooking,dog,o.j,simpson,robert,blake,hosting,show,years,charged,murder,clever,idea,nonetheless,seemed,gun,shy,regarding,current,political,moment,julia,sweeney’s,ambiguously,gendered,character,pat,since,dubbed,insensitive,various,members,queer,trans,communities,skipped,hosting,stints,elon,musk,donald,trump,think,least,people,show,now,regret,even,michaels,michaels,political,firebrand,show,began,seemingly,become,much,relaxed,politics,he’s,acquired,years,wealth,power,also,references,controversial,snl,moments,montage,elsewhere,shied,away,made,controversial,first,place,snippet,iconic,word,association,sketch,chevy,chase,richard,pryor,bleeped,chase’s,use,word,episode,rerun,shortly,40th,anniversary,epithet,unbleeped,miley,cyrus,brittany,howard’s,performance,prince’s,nothing,compares,perhaps,also,allusion,sinéad,o’connor,famously,covered,song,protest,abuses,children,catholic,priests,infamously,tore,photo,pope,john,paul,end,appearance,snl,one,moments,earlier,documentaries,almost,felt,like,required,reading,especially,viewers,either,younger,don’t,encyclopedic,recall,years,snl,history,questlove,doc,went,deep,moment,even,got,michaels,time,seemed,upset,o’connor,hijacked,show,agenda,admit,hindsight,admired,courage,former,trump,crony,rudy,giuliani,hosted,appeared,several,times,included,latest,john,mulaney,mini,musical,wonderful,disgusting,weirdness,new,york,city,form,mckinnon,bald,cap,dueting,version,shot,lin,manuel,miranda,dressed,alexander,hamilton,running,minutes,salute,past,years,big,apple,another,highlight,bringing,lots,guests,mixing,past,present,snlers,former,snl,house,band,members,paul,shaffer,g.e,smith,even,got,jam,together,camera,moments,also,plenty,snl,inside,baseball,sprinkled,throughout,martin,complaining,monologue,fred,armisen,still,trying,figure,old,sketch,killed,dress,got,cut,week’s,live,show,sandler,samberg,songs,discussing,bits,backstage,lore,samberg’s,two,new,digital,shorts,earlier,season,funnier,one,sushi,glory,hole,particular,clear,attempt,just,bigger,version,snl,one,actually,snl,whenever,possible,even,choice,don’t,look,back,anger,vintage,segment,play,entirety,felt,meta,one,earliest,moments,snl,imagined,life,death,decades,future,grand,finale,theo,wargo,nbc,ending,show,mccartney,performing,climactic,medley,beatles,abbey,road,album,felt,like,dual,callback,addition,appropriate,final,note,half,century,snl,one,first,season’s,best,self,aware,gags,michaels,appearing,camera,attempt,get,beatles,reunite,show,whopping,sum,never,succeeded,getting,four,though,mccartney,george,harrison,ringo,starr,appeared,individually,got,beatles,number,end,including,song,called,fittingly,end,also,evoked,one,funniest,charming,moments,whole,series,farley,quoted,song’s,famous,final,lyric,end,love,take,equal,love,make,macca,asked,true,seemed,odd,show,surviving,original,cast,members,dan,aykroyd,building,kind,full,fledged,tribute,jane,curtin,chevy,chase,appeared,silently,goodnights,curtin,newman,holding,gilda,radner,photo,easy,miss,throng,people,standing,home,base,age,long,standing,personal,animosities,particularly,regarding,chase,almost,universally,disliked,people,worked,show,cast,member,host,likely,last,time,michaels,studio,together,show,many,people,make,60th,anniversary,mulaney,complaining,getting,stuck,monologue,duty,might,point,entered,post,michaels,era,substantial,changes,things,done,don’t,count,michaels,just,yet,maybe,unlike,belushi,one,stick,around,forever,he’s,dancer,
kendrick,lamar,struck,chord,super,bowl,definitely,major,hip,hop,legend,triumphed,halftime,show,big,game,new,orleans,caesar,superdome,middle,lopsided,super,bowl,philadelphia,eagles,ethered,kansas,city,chiefs,revolution,televised,lamar,warned,start,halftime,blowout,picked,right,time,wrong,guy,halftime,show,everything,samuel,jackson,uncle,sam,sza,singing,serena,williams,crip,walk,side,lamar’s,blitz,way,action,packed,actual,game,since,chiefs,sit,humble,lamar’s,equally,lopsided,beef,drake,center,halftime,show,brilliantly,wore,diamond,chain,around,neck,lowercase,minor,big,drama,won’t,regard,biggest,hit,like,call,drake,pedophile,front,million,people,answer,yes,lamar,delivered,like,yet,cut,line,certified,pedophile,minutes,dot,big,trippin,way,squabbled,medley,hits,including,dna,euphoria,man,garden,humble,surprises,nothing,fancy,guests,except,already,expected,sza,mustard,attempt,showmanship,lamar,kept,music,lights,way,accompanied,crew,dancers,red,white,blue,salutations,samuel,jackson,announced,start,dressed,top,hat,uncle,sam,great,american,game,jackson,presence,set,interrupting,squabble,admonish,jackson,yelled,loud,reckless,ghetto,lamar,really,know,play,game,tighten,last,time,lamar,performed,super,bowl,dre,halftime,throwdown,snoop,dogg,eminem,cent,mary,blige,anderson,paak,drums,every,star,spotlight,moment,lamar,alright,fiery,political,statement,midst,nfl’s,blatantly,racist,ban,colin,kaepernick,began,taking,knee,protest,police,brutality,lamar’s,line,hate,got,censored,alright,still,startling,moment,later,set,eminem,took,knee,explicit,shout,black,lives,matter,movement,alright,highlight,historic,halftime,editor’s,picks,lamar,stayed,away,political,statements,pointedly,leaving,alright,controversy,whether,he’d,aubrey,graham,there’s,good,news,drake,it’s,star,kendrick’s,set,without,even,showing,sued,lamar’s,label,also,label,like,statement,released,ahead,lamar’s,halftime,performance,drake’s,lawyers,said,umg,masquerading,champion,artistic,freedom,calling,actions,merely,entertainment,nothing,entertaining,pedophilia,child,abuse,real,world,lamar,brought,drama,going,super,bowl,first,time,star,done,halftime,show,already,releasing,number,one,album,complaining,nobody,called,congratulate,getting,super,bowl,gig,except,nas,i’ve,always,open,storytelling,catalog,history,music,said,last,week,i’ve,always,passion,bringing,whatever,stage,i’m,controversy,fact,hometown,hero,lil,wayne,didn’t,get,gig,new,orleans,hurt,hurt,whole,lot,weezy,stated,instagram,post,lil,weezyana,fest,told,crowd,ripped,away,lamar,fired,back,gnx,opening,track,wacced,murals,irony,think,hard,work,let,lil,wayne,verse,added,snoop,posted,taylor,made,pray,edibles,maybe,edibles,inspired,snoop’s,cringe,strophic,anti,bigotry,tom,brady,related,content,brilliantly,milked,tension,like,uncle,sam,jackson,declared,scorekeeper,deduct,one,life,lamar,consulted,four,woman,team,experts,ladies,yes,dot,saying,wanna,favorite,song,love,sue,teased,keyboard,riff,yeah,song,switched,gears,cameo,sza,joined,sing,luther,stars,that’s,i’m,talking,uncle,sam,said,that’s,america,wants,nice,calm,that’s,dot,went,like,announcing,it’s,cultural,divide,pulled,back,pedophile,probably,made,nfl’s,legal,team,breathe,easier,comically,hyped,big,line,tryna,strike,chord,it’s,probably,minor,production,team,added,glaring,audience,sing,along,sound,cue,line,long,tradition,super,bowl,halftime,shows,like,sitcom,laugh,tracks,audience,mostly,inaudlble,rest,performance,lamar,musical,highlight,super,bowl,plenty,weird,pop,culture,moments,like,godawful,mountain,dew,commercial,seal,cgi,seal,crowd,cams,sight,paul,mccartney,chatting,adam,sandler,kevin,costner,made,cute,couple,crowd,pete,davidson,jon,batiste,sang,beautiful,national,anthem,first,performer,accompany,piano,since,alicia,keys,stretched,time,longest,version,batiste,sang,line,land,freeee,three,times,making,pointed,jab,current,president,attending,game,still,managed,hit,big,feat,year,line,national,anthem,become,one,super,bowl’s,popular,prop,bets,taylor,swift,spent,game,box,haim,sisters,ice,spice,loyally,watching,team,defeat,home,daisy,dukes,outfit,wearing,certain,chief’s,initial,chain,round,neck,chain,round,neck,opposed,upper,thigh,wore,chain,grammys,week,ago,really,swift,rushed,field,play,chiefs,since,better,job,preparing,big,game,make,mistake,lamar’s,night,way,uncle,jam,put,great,american,game,just,football,hip,hop,set,list,wacced,murals,bodies,squabble,humble,dna,euphoria,man,garden,peekaboo,luther,stars,like,
song,titles,alone,evoke,sense,joy,excitement,community,dance,music,stand,everyday,people,sing,simple,song,want,take,higher,hot,fun,summertime,thank,falettinme,mice,elf,agin,everybody,star,last,one,also,headline,creator’s,rolling,stone,cover,story,know,every,one,tracks,trust,you’re,automatically,singing,hooks,diff,rent,strokes,diff,rent,folks,love,ery,day,people,humming,melodies,reading,list,you’d,recognize,band’s,beats,grooves,sampled,several,generations,hip,hop,innovators,sly,family,stone,multi,ethnic,multi,gender,multi,genre,group,concepts,still,seemed,impossibly,utopian,charts,streets,led,songwriter,deserved,mentioned,breath,mozart,miles,mccartney,born,sylvester,stewart,adopted,name,sly,stone,revolutionized,music,several,times,eventually,became,defined,absences,stage,presence,sly,lives,ahmir,questlove,thompson’s,documentary,good,life,hard,times,frontman,family,man,opened,sundance,film,festival,wants,connect,dots,yes,profile,stone,covers,everything,stint,radio,personality,early,60s,san,francisco,ksol,dial,leading,collective,that’d,nearly,steal,woodstock,away,rock,roll,peers,well,everything,happened,like,thompson’s,invaluable,summer,soul,features,family,stone’s,red,hot,performance,harlem,cultural,fair,it’s,filled,clips,band,peak,double,funk,fueled,testimonials,somehow,still,doubt,groundbreaking,dozen,talking,heads,can,attest,detail,exact,acres,ground,broke,it’s,music,doc,takes,music,doc,responsibilities,seriously,editor’s,picks,pay,attention,movie’s,title,well,a.k.a,follows,sly,lives,exclamation,point,earned,knows,doesn’t,need,sell,dancin,music,yet,questlove,like,put,complete,story,man,behind,context,well,rescuing,narrative,puts,emphasis,past,erratic,decades,lives,part,isn’t,used,lightly,speaks,less,fact,he’s,still,around,80s,continual,vibrancy,overshadowed,legacy,sly,slippery,recluse,known,blowing,gigs,cracked,public,appearances,gets,ink,six,years,sly,generation,artist,often,gets,short,shrift,even,memoir,published,last,year,thompson’s,literary,imprint,feels,slightly,lopsided,doc,sets,scales,straight,favors,albums,criminal,record,doesn’t,peer,directly,there’s,riot,going,era,darkness,family,affair,may,buoyant,chorus,take,another,listen,lyrics,subtitle,burden,black,genius,lets,know,questlove,bigger,game,reached,sort,popularity,goes,beyond,crossover,status,realm,iconic,stone,peaking,decides,move,operations,bay,area,los,angeles,he’s,also,starting,buckle,pressure,come,self,sabotaging,behavior,others,comes,represent,whole,new,stage,there’s,blueprint,comes,next,notes,author,academic,mark,anthony,neal,stone’s,post,woodstock,moment,black,elvis,gives,questlove,opportunity,pose,question,stone,first,artist,estimation,suffer,burden,carrying,lot,baggage,level,virtually,unprecedented,black,musicians,day,using,starting,point,one,define,black,genius,asks,version,d’angelo,tip,jimmy,jam,terry,lewis,nile,rogers,chaka,khan,george,clinton,vernon,reid,number,folks,equipped,weigh,matter,doc,cuts,away,answer,one,person,get,chance,respond,moment,andré,counters,believe,concept,black,genius,love,happens,related,content,it’s,great,way,framing,sly’s,accomplishments,importantly,reframing,went,anything,wish,questlove,leaned,concept,povs,others,blessed,burdened,tag,grist,chinstroking,mill,might,better,served,outside,single,subject,profile,doc,even,enhances,doc,we’d,watch,whole,six,part,series,conversations,took,place,canon,fellow,musical,geniuses,get,grilled,musical,lessons,many,others,count,took,sly,self,evident,one,person,echoes,sentiment,sly,family,stone,prince,revolution,sly’s,flameout,teach,becoming,black,elvis,lead,way,others,walk,pitfall,laden,path,sly,lives,isn’t,built,answer,queries,just,offer,it’s,better,set,offer,treasure,trove,insights,opportunity,hear,everyday,people,evolve,take,take,knock,ass,quotes,puchased,bulk,stand,builds,musical,orgasm,jimmy,jam,album,chronic,parents,generation,dream,hampton,sly,may,higher,georgia,pine,dick,cavett,show,appearance,yet,still,beat,host,smarty,pants,game,stone,bringing,people,together,time,country,tearing,apart,vernon,reid,one,arguably,sticks,however,belongs,family,stone,saxophonist,jerry,martini,white,man,trying,black,says,sly,black,man,trying,everything,latter,succeeded,nearly,killed,also,produced,music,lives,day,questlove’s,movie,gives,echo,sly,favorite’s,title,back,thank,
summer,morning,pregnant,back,seat,limo,david,lynch,chauffered,along,mulholland,drive,lynch,years,old,time,handsome,sharply,dressed,uniform,blazer,white,shirt,american,spirits,breast,pocket,white,hair,swooped,faux,hawk,degrees,outside,radio,murmured,speakers,air,conditioning,best,beyond,tinted,windows,los,angeles,floated,blue,skies,around,interviewing,lynch,piece,new,york,times,magazine,recent,emergence,evangelist,practice,transcendental,meditation,i’d,interviewed,lynch,number,times,years,despite,journalistic,imperative,objectivity,hard,love,solidly,original,clear,crisp,nasal,twang,sharp,observations,world,day,bit,grumpy,cleanse,explained,wife,emily,baby,something,conversation,felt,high,stakes,almost,life,death,i’ve,circling,ever,since,facing,made,way,hollywood,talking,taken,late,life,turn,decades,beloved,critically,acclaimed,filmmaker,intense,focus,transcendental,meditation,lynch,learned,t.m,early,1970s,part,huge,wave,americans,adopted,technique,popularized,beatles,indian,guru,maharishi,mahesh,yogi,i’ve,told,story,million,times,claire,said,limo,carefully,enunciating,room,teacher,got,mantra,said,sit,comfortably,chair,close,eyes,taught,start,mantra,i’ll,back,minutes,sat,comfortably,chair,closed,eyes,started,mantra,i’ve,said,many,times,elevator,cut,cables,within,went,boom,much,bliss,couldn’t,believe,thought,experience,beyond,beyond,began,practice,twice,day,never,missing,session,editor’s,picks,lynch,saw,transcendental,meditation,fundamental,survival,artist,hollywood,film,dune,released,meditation,saved,life,said,matter,factly,hadn’t,meditating,probably,would’ve,committed,suicide,didn’t,final,cut,dune,released,got,terrible,reviews,didn’t,make,nickel,died,death,twice,didn’t,make,film,wanted,make,didn’t,final,cut,meditation,really,saved,happiness,built,inside,can,withstand,heavy,things,don’t,they’ll,knock,decades,lynch,said,meditation,private,thing,leave,set,quietly,excuse,diving,within,called,people,asked,share,experience,sometimes,even,pay,friend,learn,otherwise,forged,path,built,life,los,angeles,made,strange,amazing,movies,television,recorded,music,took,photographs,made,paintings,got,married,divorced,times,children,drank,red,wine,smoked,cigarettes,something,changed,said,traveled,europe,exclusive,expensive,experience,enlightenment,course,maharishi,barely,seen,public,years,offering,select,longtime,meditators,chance,pay,million,dollars,spend,month,promise,new,consciousness,lynch,took,leap,went,netherlands,just,finished,filming,mulholland,drive,told,thought,swing,initially,disappointed,learned,maharishi,physically,instead,communicating,small,group,via,teleconference,quarters,upstairs,still,like,things,maharishi,lynch,says,absence,made,sense,play,back,mind,right,said,it’s,strange,thing,right,came,television,television,that’s,way,sounded,like,premise,david,lynch,movie,waiting,downstairs,enlightenment,watching,guru,television,lynch,time,maharishi,transformative,left,new,sense,purpose,wanted,help,world,meditate,month,extremely,blissful,told,wouldn’t,given,anything,time,left,care,one,bit,enlightenment,just,loved,people,didn’t,care,got,enlightened,just,different,person,came,back,related,content,enlightenment,course,lynch,began,spend,much,time,trying,help,many,people,possible,learn,transcendental,meditation,end,started,david,lynch,foundation,consciousness,based,education,world,peace,foundation,held,star,studded,fundraisers,young,hollywood,began,coming,lynch’s,house,meditation,sessions,lynch’s,advocacy,hundreds,thousands,children,learned,meditate,equally,powerful,bringing,celebrities,t.m,lynch,celebrities,hugh,jackman,steve,martin,tom,hanks,katy,perry,lady,gaga,oprah,winfrey,ellen,degeneres,learned,technique,also,recruited,back,longtime,meditators,jerry,seinfeld,paul,mccartney,ringo,starr,help,raise,money,teach,meditation,lynch,began,travel,globe,speaking,practice,t.m,positive,benefits,wrote,book,catching,big,fish,meditation,consciousness,creativity,participated,several,documentaries,followed,spoke,film,students,estonia,brazil,ukraine,places,topic,results,efforts,significant,past,years,according,david,lynch,foundation,ceo,bobby,roth,organization,raised,million,taught,million,people,meditate,instituted,meditation,programs,schools,hospitals,around,world,think,responsible,people,learning,t.m,figure,since,maharishi,says,roth,author,teacher,t.m,past,years,run,foundation,since,inception,that’s,legacy,wasn’t,just,actor,put,name,something,cause,went,everywhere,traveled,around,world,worked,long,hours,weeks,months,nowhere,without,david,lynch,energy,focus,conviction,day,back,lynch,paused,story,meditation,world,transformation,stared,now,claire,lynch,said,bright,blue,eyes,suddenly,focused,intently,first,met,felt,doubts,real,feeling,winced,lynch,said,wanted,just,put,finger,something,fundamentally,true,doubter,everything,lynch,describing,sounded,straightforward,obviously,good,baggage,around,subject,spent,childhood,living,center,called,movement,transcendental,meditation,movement,rural,iowa,1980s,strange,years,lived,campus,maharishi,international,university,attended,maharishi,school,age,enlightenment,much,learning,focused,maharishi’s,philosophy,world,worked,one,attain,elevated,states,consciousness,enlightenment,practice,meditation,techniques,understood,maharishi’s,way,world,better,elevated,together,parents,teachers,spent,days,nights,living,accordance,vision,guru,wasn’t,even,around,lived,like,compound,europe,never,met,absence,world,got,little,strange,insular,school,administrators,asked,emulate,maharishi,every,aspect,negative,thinking,inside,halls,maharishi,school,recurring,refrain,claire,can,think,say,positive,often,couldn’t,time,teenager,early,nineties,identity,formed,contradiction,spiritual,striving,one,powerful,sources,inspiration,rebellion,steady,diet,film,music,community,disapproved,part,program,obsessed,david,lynch,teenager,watched,movies,mesmerized,dark,world,idea,subconscious,turned,art,just,meditated,away,films,lynch,helped,shape,idea,art,importance,exploring,shadows,can,imagine,surprise,decade,moved,away,iowa,childhood,hero,mine,became,spokesperson,sorts,wonderful,thing,called,transcendental,meditation,sat,car,dozen,years,ago,lynch,went,back,forth,role,become,said,just,messenger,pushed,argued,t.m,movement,wtf,david,said,hoping,lighten,mood,laughed,fed,persnickety,focus,past,cultural,weirdness,happened,1980s,perception,parts,movement,cultish,didn’t,like,old,news,told,first,brought,questions,religiosity,t.m,total,bullshit,like,told,said,testily,love,maharishi,love,taught,you’re,part,movement,you’re,salary,whatever,i’m,part,movement,way,percent,maharishi,programs,important,thing,technique,that’s,thing,without,just,totally,meaningless,it’s,just,like,intellectual,thing,technique,showed,peace,happiness,positive,things,really,possible,really,exist,within,left,car,ride,exhausted,quite,seeing,other’s,point,view,article,lynch,came,following,spring,hated,roth,called,day,said,lynch,deeply,hurt,he’d,trouble,making,past,sub,headline,inserted,copy,editor,last,minute,took,shot,filmmaker,made,movie,long,time,disappointed,wouldn’t,chosen,headline,didn’t,like,bad,thing,happened,david,lynch,lynch,never,spoke,article,went,make,twin,peaks,return,continue,work,music,art,wrote,book,transcendental,meditation,movement,raised,two,daughters,weirdly,became,friends,lynch’s,wife,emily,watched,daughters,play,together,time,passed,felt,farther,away,strange,insular,world,movement,1980s,see,clearly,truth,lynch,said,day,car,cares,past,you’re,good,experience,meditation,simple,effective,practice,helped,navigate,world,better,last,summer,family,going,stressful,transition,took,now,teenage,daughters,david,lynch,foundation,offices,near,new,york’s,grand,central,station,bobby,roth,taught,adult,mantras,neither,particularly,regular,practice,tease,grown,cult,get,annoyed,ironically,know,point,tool,need,lynch,said,hello,works,claire,hoffman,author,greetings,utopia,park,new,book,sister,sinner,comes,april,
there’s,always,one,it’s,single,track,great,record,sucks,profound,degree,almost,feels,like,sick,joke,exist,sorts,reasons,sometimes,lead,singer,felt,obligated,give,drummer,one,song,side,two,maintain,group,harmony,times,took,ludicrous,amounts,drugs,idea,dog,howl,seconds,banging,metal,cross,guitar,strings,solid,minute,half,felt,like,grand,plan,times,they’re,just,desperate,hook,wind,stealing,one,corn,flakes,jingle,placing,shitty,tune,beatles,album,day,life,combed,music,history,came,terrible,songs,taint,otherwise,perfect,records,it’s,likely,great,many,disagree,least,picks,may,you’ve,heard,records,many,times,it’s,hard,imagine,form,goodbye,yellow,brick,road,really,benefit,jamaica,jerk,synchronicity,truly,need,song,andy,summers,rants,like,lunatic,overbearing,mother,phil,collins,really,need,deliver,illegal,alien,heavy,spanish,accent,noted,weren’t,always,easy,calls,white,album,posted,particularly,vexing,questions,due,polarizing,tracks,rocky,racoon,good,night,revolution,didn’t,songs,little,doubt,many,won’t,agree,pick,likewise,just,couldn’t,get,conventional,wisdom,treefingers,brings,radiohead’s,kid,love,business,appearing,pixies,doolittle,like,songs,list,ranked,least,worst,flat,worst,disagree,picks,take,social,media,blast,pieces,can,take,
annual,massive,list,record,store,day,releases,arrived,event,recently,named,post,malone,ambassador,takes,place,indie,record,shops,april,list,includes,titles,includes,official,release,post,malone’s,nirvana,covers,performed,livestream,pandemic,pressed,vinyl,first,time,post,malone,tribute,nirvana,features,blink,drummer,travis,barker,guitarist,nick,mack,bassist,brian,lee,addition,fortnight,malone’s,collaboration,taylor,swift,released,exclusive,white,vinyl,several,notable,live,albums,released,gracie,abrams,live,radio,city,music,hall,lenderman’s,wind,live,loose,joni,mitchell’s,live,set,culled,last,year’s,archives,vol,asylum,years,power,people,live,one,one,concert,new,york,city,four,song,featuring,tracks,john,lennon’s,post,beatles,solo,concert,coincide,highly,anticipated,reunion,oasis,drop,time,flies,complete,collection,singles,released,vinyl,first,time,since,waxahatchee,release,two,tigers,blood,bonus,tracks,much,ado,nothing,mud,single,killers,unleash,three,song,set,bruce,springsteen,madison,square,garden,october,highlights,include,brian,eno’s,30th,anniversary,release,passengers,original,soundtracks,tang,mathematics,black,samson,bastard,swordsman,tang,saga,continues,collection,latter,numbered,limited,edition,set,every,album,jacket,features,unique,cover,art,check,full,list,releases,record,store,day’s,website,record,store,day,important,really,hope,part,keep,alive,malone,said,last,month,event,named,ambassador,love,hitting,local,shops,we’re,road,seeing,crazy,artwork,whole,energy,record,store,just,super,inspiring,feel,home,it’s,really,unexplainable,feeling,hit,shop,dig,crates,just,see,grabs,eye,can,looking,something,super,specific,end,finding,something,totally,different,it’s,best,keep,supporting,y’all,let’s,keep,records,local,shops,going,strong,
blast,blasters,paul,mccartney,told,crowd,end,surprise,tuesday,show,new,york,city,mccartney,played,spontaneous,gig,bowery,ballroom,beloved,rock,bar,lower,east,side,holds,people,presumably,warming,play,saturday,night,live,anniversary,weekend,blew,minds,hundred,shocked,lucky,fans,none,woke,day,imagining,might,store,mccartney,show,can’t,believe,we’re,said,grin,everybody,room,night,lives,nobody,fun,paul,always,thrives,smaller,venue,made,bowery,feel,like,cellar,full,noise,like,cavern,club,beatles,played,early,liverpool,gigs,early,fan,yelled,billy,shears,paul,replied,mccartney,just,announced,gig,noon,tuesday,warning,tickets,available,venue,first,come,first,serve,fans,grabbing,coats,literally,running,streets,lower,manhattan,one,fan,said,like,seeing,opening,chase,hard,day’s,night,except,instead,teenagers,mobs,middle,aged,people,dashing,city,streets,sixty,years,later,paul,inspires,kind,hysteria,see,run,added,surprise,wednesday,morning,announcing,second,show,venue,hours,venue,opened,doors,p.m,sidewalk,full,fans,snagged,ticket,time,talk,value,money,just,hoped,get,lucky,strangers,trading,paul,stories,crazed,theories,surprises,guests,might,store,special,guests,just,paul,boyish,energy,vigor,magnificent,four,man,band,he’s,fronted,past,three,decades,ripping,nearly,two,hours,one,classic,another,just,one,day’s,rehearsal,yesterday,told,crowd,usually,rehearse,just,don’t,care,editor’s,picks,whole,night,impulsive,suddenly,see,tell,need,energy,kicked,hard,day’s,night,mixed,hits,blackbird,jet,let,maybe,i’m,amazed,left,field,delights,like,mrs,vanderbilt,surprisingly,hearty,come,superb,egypt,station,pick,nobody,saw,coming,three,man,hot,city,horns,joined,jams,like,got,get,life,dusty,wings,groove,letting,crowd,front,packed,young,women,fact,paul,fail,notice,screamed,danced,we’re,worthy,bows,fact,universally,acknowledged,paul,gains,superhuman,powers,room,full,female,energy,let’s,get,way,said,psychedelic,painted,piano,girls,give,beatles,scream,room,exploded,paul,drank,every,last,drop,screams,admitting,can’t,resist,room,full,rowdy,punters,yelling,obscure,faves,solo,catalog,like,calico,skies,ram,paul,laughed,loud,one,fan,called,flying,home,there’s,always,old,folks,looking,deep,cuts,said,told,great,story,listening,sirius,beatles,channel,car,hearing,tune,fancied,made,driver,turn,paul,marveled,said,song,called,sweet,sweet,memories,said,don’t,remember,it’s,outtake,ground,said,side,single,even,sides,singles,maybe,related,content,kim,mpl,communications,ltd,sat,piano,beautiful,valentine,wife,nancy,recalling,wrote,first,trip,morocco,rolling,stone,colleague,angie,martoccio,pointed,night,happened,60th,anniversary,ringo,starr’s,wedding,maureen,cox,paul,didn’t,mention,maybe,that’s,felt,like,spirit,get,back,high,point,mean,besides,blackbird,white,album,gem,heart,live,show,nearly,years,just,paul,acoustic,guitar,asked,we’d,heard,story,wrote,song,everyone,yelled,yes,naturally,shrugged,i’m,gonna,tell,anyway,beautifully,typical,macca,moment,recalled,beatles,arrival,u.s,february,shock,sight,racism,refusal,play,segregated,show,jacksonville,florida,just,kids,mccartney,said,i’ve,got,grandchildren,older,now,even,huger,emotional,watershed,store,piano,right,drinking,audience’s,beatles,scream,mccartney,casually,began,rare,performance,now,john,demo,lovingly,turned,now,beatles,farewell,single,hearing,paul,sing,now,old,friend’s,adopted,city,felt,intensely,emotional,well,audience,john,much,love,new,york,city,said,love,john,let’s,hear,john,kim,mpl,communications,ltd,playing,new,york,often,seems,conjure,lennon’s,presence,garden,years,ago,surprised,crowd,saying,one,mate,john,casually,striking,day,life,first,time,tour,something,especially,intimate,now,lennon,wrote,song,alone,dakota,nyc,feeling,far,away,old,friends,dreaming,singing,thousands,people,heard,demo,years,paul,one,really,heard,oldest,friend,trying,express,spent,years,quest,bring,mate’s,unfinished,song,life,devastatingly,powerful,hear,paul,sing,now,city,john,wrote,bringing,back,home,moment,felt,intensely,private,eavesdropping,two,yet,massive,summed,whole,pained,story,friendship,one,performance,american,live,debut,now,years,beatles,invaded,big,apple,sullivan,show,february,fact,exact,date,fabs,first,u.s,concert,paul,made,magic,happen,snowy,winter,night,sometime,new,york,city,sense,emotional,urgency,went,deep,moments,like,let,roll,one,night’s,big,crowd,flatteners,gave,little,extra,intensity,key,line,want,tell,now’s,time,even,paul’s,standards,whole,show,joyful,explosion,full,spontaneous,flourishes,like,blasters,quip,seems,new,one,chemistry,tight,band,wix,wickens,keyboards,rusty,anderson,brian,ray,guitars,mighty,abe,laboriel,drums,last,time,mccartney,played,new,york,area,metlife,stadium,june,night,80th,birthday,night,sent,everyone,home,four,words,every,mccartney,fan,craves,hearing,see,next,time,ended,show,words,made,sound,like,statement,purpose,now’s,time,now,now,forever,set,list,hard,day’s,night,letting,got,get,life,let,roll,foxy,lady,valentine,nineteen,hundred,eighty,five,maybe,i’m,amazed,i’ve,just,seen,face,mrs,vanderbilt,blackbird,come,jet,get,back,now,lady,madonna,let,hey,jude,encore,golden,slumbers,carry,weight,end,
backstage,pop,institution,deserves,biopic,brian,epstein,beatles,tragic,manager,champion,supporter,rough,giddy,times,alike,epstein,portrayed,films,midas,man,available,streaming,services,starting,today,first,full,feature,devoted,according,report,variety,making,film,fraught,encompassing,multiple,directors,distribution,issues,bigger,budget,expected,light,music,biopic,mania,ongoing,fascination,epstein’s,former,clients,belated,timing,couldn’t,better,makes,shame,film,largely,competent,uninspiring,telling,tale,subjects,biopic,treatment,epstein’s,life,course,natural,story,gay,jewish,record,store,manager,stumbles,upon,young,beatles,cavern,club,soon,becomes,overseer,battling,insecurities,demons,dying,accidental,overdose,born,movie,jacob,fortune,lloyd,lead,role,midas,man,checks,appropriate,boxes,creating,epstein’s,life,see,amazement,first,sighting,cavern,club,tentative,initial,meeting,band,dressing,room,one,another,meetings,clueless,british,label,heads,turned,beatles,epstein’s,wheeling,dealing,including,creation,meeting,sullivan,jay,leno,makes,host,seem,like,surly,mobster,newcomers,beatles,story,especially,way,epstein,lived,fear,society’s,family,disapproval,gay,lifestyle,surely,eye,opening,given,every,different,enlightened,times,although,resembles,middle,aged,harry,styles,epstein,fortune,lloyd,captures,mix,prim,determination,repressed,pain,epstein’s,demeanor,movie,doesn’t,mention,trip,epstein,john,lennon,took,spain,resulted,rumors,possible,sexual,encounter,two,midas,man,touch,upon,tension,two,doesn’t,shy,away,epstein’s,growing,addiction,pills,back,alley,sexual,encounters,least,one,case,blackmail,resulted,editor’s,picks,beatlemaniacs,though,little,breaking,news,film’s,often,dreary,look,absence,beatles,music,since,producers,weren’t,able,get,rights,hobble,midas,man,much,decline,numbers,narrative,actors,portray,beatles,aren’t,given,much,make,cheeky,remarks,epstein,amusingly,epstein’s,father,played,eddie,marsan,played,amy,winehouse’s,long,suffering,dad,back,black,talk,typecasting,fresh,angles,like,moments,epstein,breaks,fourth,wall,addresses,directly,plot,can’t,quite,compensate,movie’s,conventionality,midas,man,gently,weeps,epstein,rightly,leaves,story,largely,earthbound,
there’s,always,one,it’s,single,track,great,record,sucks,profound,degree,almost,feels,like,sick,joke,exist,sorts,reasons,sometimes,lead,singer,felt,obligated,give,drummer,one,song,side,two,maintain,group,harmony,times,took,ludicrous,amounts,drugs,idea,dog,howl,seconds,banging,metal,cross,guitar,strings,solid,minute,half,felt,like,grand,plan,times,they’re,just,desperate,hook,wind,stealing,one,corn,flakes,jingle,placing,shitty,tune,beatles,album,day,life,combed,music,history,came,terrible,songs,taint,otherwise,perfect,records,it’s,likely,great,many,disagree,least,picks,may,you’ve,heard,records,many,times,it’s,hard,imagine,form,goodbye,yellow,brick,road,really,benefit,jamaica,jerk,synchronicity,truly,need,song,andy,summers,rants,like,lunatic,overbearing,mother,phil,collins,really,need,deliver,illegal,alien,heavy,spanish,accent,noted,weren’t,always,easy,calls,white,album,posted,particularly,vexing,questions,due,polarizing,tracks,rocky,racoon,good,night,revolution,didn’t,songs,little,doubt,many,won’t,agree,pick,likewise,just,couldn’t,get,conventional,wisdom,treefingers,brings,radiohead’s,kid,love,business,appearing,pixies,doolittle,like,songs,list,ranked,least,worst,flat,worst,disagree,picks,take,social,media,blast,pieces,can,take,
