lil,wayne,performed,career,spanning,medley,hits,anniversary,special,sunday,
people,power,show,saluting,smiths,work,now,include,bangle,former,heartbreaker,legendary,underground,filmmaker,
accepting,saturn,award,film,dream,scenario,actor,warned,even,seemingly,inconsequential,uses,can,open,floodgates,complete,creative,compromise,
past,couple,decades,seen,many,successful,music,autobiographies,still,big,name,holdouts,including,mick,jagger,madonna,axl,rose,
mccartney,closes,anniversary,episode,surprise,show,new,york,earlier,week,
gig,take,place,bowery,ballroom,tickets,available,venues,box,office,
paul,mccartney,called,british,government,protect,artists,face,new,copyright,law,allow,rip,creators,
pauls,show,small,beloved,nyc,venue,full,beatles,classics,solo,gems,screaming,fans,couldnt,believe,
musicares,persons,year,gala,honoring,grateful,dead,feature,billy,strings,noah,kahan,maren,morris,john,mayer,performers,
band,also,brought,dave,grohls,year,old,daughter,violet,grohl,wrap,set,emotional,rendition,apologies,
john,backed,proposed,amendment,preempt,copyright,overhaul,grant,tech,companies,easier,access,copyrighted,works,
saturday,night,live,putting,star,studded,special,celebrate,50th,birthday,here’s,can,watch,live,show,online,
miley,cyrus,brittany,howard,roots,paid,tribute,sinead,oconnor,performance,nothing,compares,
born,said,songwriter,shared,george,harrison,performed,show,
surviving,members,nirvana,reunited,time,post,malone,star,snl,concert,new,york’s,radio,city,music,hall,
stars,slated,50th,anniversary,show,include,amy,poehler,andy,samberg,chris,rock,fred,armisen,garrett,morris,jane,curtin,jason,sudeikis,
kanye,west,dropped,talent,agency,one,top,staffers,quit,made,number,antisemitic,offensive,remarks,
dave,grohl,perform,part,snl,anniversary,concert,feb,radio,city,music,hall,
dolla,ign,said,condone,kind,hate,speech,post,shared,following,kanye,wests,latest,string,offensive,comments,
tina,fey,amy,poehler,seth,meyers,appeared,tonight,show,alongside,host,jimmy,fallon,ahead,anniversary,special,
latest,anniversary,special,recycled,aspects,past,tribute,shows,little,controversy,lot,celebrity,sweet,knowing,sentimentality,
rapper,kept,music,highlight,super,bowl,plenty,weird,pop,culture,moments,
profile,man,behind,sly,family,stone,gives,plenty,evidence,hes,one,important,musicians,ever,lot,
experience,transcendental,meditation,movement,1980s,soured,practice,tense,conversation,famed,director,artist,eventually,brought,enlightenment,
even,greatest,artists,guilty,putting,garbage,songs,otherwise,classic,lps,beatles,bob,dylan,harry,styles,taylor,swift,
record,store,day,releases,include,post,malones,nirvana,covers,taylor,swifts,fortnight,single,gracie,abrams,john,lennon,
pauls,show,small,beloved,nyc,venue,full,beatles,classics,solo,gems,screaming,fans,couldnt,believe,
long,awaited,fraught,film,brian,epstein,hits,right,notes,misses,plenty,others,
even,greatest,artists,guilty,putting,garbage,songs,otherwise,classic,lps,beatles,bob,dylan,harry,styles,taylor,swift,
