hard,day,night,working,like,dog,hard,day,night,sleeping,like,log,get,home,find,things,make,feel,alright,know,work,day,get,money,buy,things,worth,just,hear,say,gonna,give,everything,earth,moan,cause,get,alone,know,feel,okay,home,everything,seems,right,home,feeling,holding,tight,tight,yeah,hard,day,night,working,like,dog,hard,day,night,sleeping,like,log,get,home,find,things,make,feel,alright,earth,moan,cause,get,alone,know,feel,okay,home,everything,seems,right,home,feeling,holding,tight,tight,yeah,hard,day,night,working,like,dog,hard,day,night,sleeping,like,log,get,home,find,things,make,feel,alright,know,feel,alright,know,feel,alright,
words,flowing,like,endless,rain,paper,cup,slither,wildly,slip,away,across,universe,pools,sorrow,waves,joy,drifting,opened,mind,possessing,caressing,jai,guru,deva,nothing,gonna,change,world,nothing,gonna,change,world,nothing,gonna,change,world,nothing,gonna,change,world,images,broken,light,dance,like,million,eyes,call,across,universe,thoughts,meander,like,restless,wind,inside,letter,box,tumble,blindly,make,way,across,universe,jai,guru,deva,nothing,gonna,change,world,nothing,gonna,change,world,nothing,gonna,change,world,nothing,gonna,change,world,sounds,laughter,shades,life,ringing,open,ears,inciting,inviting,limitless,undying,love,shines,around,like,million,suns,calls,across,universe,jai,guru,deva,nothing,gonna,change,world,nothing,gonna,change,world,nothing,gonna,change,world,nothing,gonna,change,world,jai,guru,deva,jai,guru,deva,jai,guru,deva,jai,guru,deva,jai,guru,deva,jai,guru,deva,
whenever,want,around,yeah,got,call,phone,come,running,home,yeah,got,want,kiss,yeah,got,whisper,ear,words,long,hear,kissin,goes,whenever,want,yes,whenever,call,just,got,call,yeah,just,got,call,want,kiss,yeah,got,call,phone,come,runnin,home,yeah,got,goes,whenever,want,yes,whenever,call,just,got,call,yeah,just,got,call,
love,love,love,love,love,love,love,love,love,nothing,can,can,done,nothing,can,sing,can,sung,nothing,can,say,can,learn,play,game,easy,nothing,can,make,can,made,one,can,save,can,saved,nothing,can,can,learn,time,easy,need,love,need,love,need,love,love,love,need,love,love,love,love,love,love,love,love,love,need,love,need,love,need,love,love,love,need,nothing,can,know,isn,known,nothing,can,see,isn,shown,nowhere,can,isn,meant,easy,need,love,need,love,need,love,love,love,need,need,love,need,love,need,love,love,love,need,love,need,love,need,love,need,love,need,love,need,love,need,love,need,love,need,love,need,love,need,love,need,love,need,love,need,love,need,love,need,love,need,love,need,love,need,love,need,love,need,love,need,love,need,love,need,love,need,
tell,got,everything,want,bird,can,sing,don,get,don,get,say,seen,seven,wonders,bird,green,can,see,can,see,prized,possessions,start,weigh,look,direction,round,round,bird,broken,bring,may,awoken,round,round,tell,heard,every,sound,bird,can,swing,can,hear,can,hear,
time,time,time,gotta,call,need,somebody,love,just,look,eyes,make,feel,right,feeling,sorry,sad,really,sympathize,don,sad,just,call,tonight,time,time,time,gotta,call,sun,faded,away,try,make,shine,nothing,won,need,shoulder,cry,hope,mine,call,tonight,come,time,time,time,gotta,call,time,time,time,gotta,call,time,gotta,call,
love,cause,tell,things,want,know,true,really,goes,show,know,never,never,never,blue,now,mine,happiness,still,makes,cry,time,understand,reason,cry,sad,love,ever,can,believe,happened,can,conceive,misery,ask,say,love,always,thinking,hoo,hoo,hoo,love,cause,tell,things,want,know,true,really,goes,show,know,never,never,never,blue,ask,say,love,always,thinking,hoo,hoo,hoo,can,believe,happened,can,conceive,misery,ask,say,love,always,thinking,hoo,hoo,hoo,hoo,hoo,hoo,hoo,hoo,hoo,
world,round,turns,world,round,wind,high,blows,mind,wind,high,love,old,love,new,love,love,sky,blue,makes,cry,sky,blue,
benefit,kite,show,tonight,trampoline,hendersons,late,pablo,fanque,fair,scene,men,horses,hoops,garters,lastly,hogshead,real,fire,way,challenge,world,celebrated,performs,feat,saturday,bishopsgate,hendersons,dance,sing,kite,flies,ring,don,late,messrs,assure,public,production,second,none,course,henry,horse,dances,waltz,band,begins,ten,six,performs,tricks,without,sound,demonstrate,ten,somersets,undertake,solid,ground,days,preparation,splendid,time,guaranteed,tonight,kite,topping,bill,
shoot,shoot,shoot,shoot,come,old,flat,top,come,grooving,slowly,got,eyeball,one,holy,roller,got,hair,knee,got,joker,just,please,shoot,shoot,shoot,shoot,wear,shoeshine,got,toe,jam,football,got,monkey,finger,shoot,coca,cola,say,know,know,one,thing,can,tell,got,free,come,together,right,now,shoot,shoot,shoot,shoot,bag,production,got,walrus,gumboot,got,ono,sideboard,one,spinal,cracker,got,feet,knee,hold,armchair,can,feel,disease,come,together,right,now,shoot,right,come,come,come,come,come,roller,coaster,got,early,warnin,got,muddy,water,one,mojo,filter,say,one,one,one,three,got,good,lookin,cause,hard,see,come,together,right,now,shoot,shoot,shoot,come,together,yeah,come,together,yeah,come,together,yeah,come,together,yeah,come,together,yeah,come,together,yeah,come,together,yeah,come,together,yeah,come,together,yeah,
cry,baby,cry,make,mother,sigh,old,enough,know,better,king,marigold,kitchen,cooking,breakfast,queen,queen,parlour,playing,piano,children,king,cry,baby,cry,make,mother,sigh,old,enough,know,better,cry,baby,cry,king,garden,picking,flowers,friend,came,play,queen,playroom,painting,pictures,children,holiday,cry,baby,cry,make,mother,sigh,old,enough,know,better,cry,baby,cry,duchess,kircaldy,always,smiling,arriving,late,tea,duke,problems,message,local,bird,bee,cry,baby,cry,make,mother,sigh,old,enough,know,better,cry,baby,cry,twelve,clock,meeting,round,table,seance,dark,voices,nowhere,put,specially,children,lark,cry,baby,cry,make,mother,sigh,old,enough,know,better,cry,baby,cry,cry,cry,cry,baby,make,mother,sigh,old,enough,know,better,cry,baby,cry,cry,cry,cry,make,mother,sigh,old,enough,know,better,cry,baby,cry,can,take,back,came,can,take,back,can,take,back,came,brahma,can,take,back,can,take,back,can,take,came,can,take,back,
got,good,reason,taking,easy,way,got,good,reason,taking,easy,way,now,day,tripper,one,way,ticket,yeah,took,long,find,found,big,teaser,took,half,way,big,teaser,took,half,way,now,day,tripper,one,way,ticket,yeah,took,long,find,found,tried,please,played,one,night,stands,tried,please,played,one,night,stands,now,day,tripper,sunday,driver,yeah,took,long,find,found,day,tripper,day,tripper,yeah,day,tripper,day,tripper,yeah,day,tripper,
dear,prudence,won,come,play,dear,prudence,greet,brand,new,day,hey,sun,sky,blue,beautiful,dear,prudence,won,come,play,dear,prudence,open,eyes,dear,prudence,see,sunny,skies,wind,low,birds,sing,part,everything,dear,prudence,won,open,eyes,look,around,round,look,around,round,round,look,around,dear,prudence,let,see,smile,dear,prudence,like,little,child,clouds,daisy,chain,let,see,smile,dear,prudence,won,let,see,smile,dear,prudence,won,come,play,dear,prudence,greet,brand,new,day,sun,sky,blue,beautiful,dear,prudence,won,come,play,
dig,pony,well,can,celebrate,anything,want,yes,can,celebrate,anything,want,road,hog,well,can,penetrate,place,yes,can,penetrate,place,told,want,everything,got,just,like,want,pick,moon,dog,well,can,radiate,everything,yes,can,radiate,everything,now,roll,stoney,well,can,imitate,everyone,know,yes,can,imitate,everyone,know,told,want,everything,got,just,like,want,now,feel,wind,blow,well,can,indicate,everything,see,yes,can,indicate,anything,see,now,load,lorry,well,can,syndicate,boat,row,yeah,can,syndicate,boat,row,told,want,everything,got,just,like,want,
like,rolling,stone,like,rolling,stone,like,rolling,stone,like,fbi,cia,bbc,king,doris,day,matt,busby,dig,dig,dig,dig,dig,can,dig,georgie,wood,now,like,hark,angels,come,
never,know,much,really,love,never,know,much,really,care,listen,want,know,secret,promise,tell,whoa,closer,let,whisper,ear,say,words,long,hear,love,ooh,listen,want,know,secret,promise,tell,whoa,closer,let,whisper,ear,say,words,long,hear,love,ooh,known,secret,week,two,nobody,knows,just,two,listen,want,know,secret,promise,tell,whoa,closer,let,whisper,ear,say,words,long,hear,love,ooh,ooh,
ring,friend,said,call,doctor,robert,day,night,time,doctor,robert,doctor,robert,new,better,man,helps,understand,everything,can,doctor,robert,pick,doctor,robert,take,drink,special,cup,doctor,robert,doctor,robert,man,must,believe,helping,anyone,need,one,can,succeed,like,doctor,robert,well,well,well,feeling,fine,well,well,well,make,doctor,robert,friend,works,national,health,doctor,robert,pay,money,just,see,doctor,robert,doctor,robert,new,better,man,helps,understand,everything,can,bob,robert,well,well,well,feeling,fine,well,well,well,make,doctor,robert,ring,friend,said,call,doctor,robert,ring,friend,said,call,bob,robert,doctor,robert,
don,let,don,let,don,let,don,let,nobody,ever,loved,like,ooh,yeah,somebody,loved,like,ooh,yes,don,let,don,let,don,let,don,let,love,first,time,don,know,gonna,last,love,lasts,forever,love,past,don,let,don,let,don,let,don,let,first,time,really,done,ooh,done,done,good,guess,nobody,ever,really,done,ooh,done,done,good,don,let,hey,don,let,please,don,let,please,don,let,don,let,can,dig,yeah,
come,come,come,come,come,joy,come,joy,come,let,take,easy,come,let,take,easy,take,easy,take,easy,everybody,got,something,hide,except,monkey,woo,deeper,higher,fly,higher,fly,deeper,come,come,come,joy,come,joy,come,let,make,easy,come,let,take,easy,take,easy,take,easy,everybody,got,something,hide,except,monkey,yeah,inside,outside,outside,inside,come,come,come,joy,come,joy,come,let,make,easy,come,let,make,easy,make,easy,make,easy,everybody,got,something,hide,except,monkey,hey,yeah,come,come,come,come,
anybody,going,listen,story,girl,came,stay,kind,girl,want,much,makes,sorry,still,don,regret,single,day,girl,girl,girl,think,times,tried,hard,leave,turn,start,cry,promises,earth,believe,time,don,know,girl,girl,girl,kind,girl,puts,friends,feel,fool,say,looking,good,acts,understood,cool,ooh,ooh,ooh,girl,girl,girl,told,young,pain,lead,pleasure,understand,said,man,must,break,back,earn,day,leisure,still,believe,dead,girl,girl,girl,girl,girl,girl,
told,strawberry,fields,know,place,nothing,real,well,another,place,can,everything,flows,looking,bent,back,tulips,see,half,lives,looking,glass,onion,told,walrus,man,know,close,can,man,well,another,clue,walrus,paul,standing,cast,iron,shore,yeah,lady,madonna,trying,make,ends,meet,yeah,looking,glass,onion,yeah,yeah,yeah,looking,glass,onion,told,fool,hill,tell,man,living,still,well,another,place,can,listen,fixing,hole,ocean,trying,make,dovetail,joint,yeah,looking,glass,onion,
good,morning,good,morning,good,morning,good,morning,good,morning,nothing,save,life,call,wife,nothing,say,day,boy,nothing,got,nothing,say,okay,good,morning,good,morning,good,morning,going,work,don,want,feeling,low,heading,home,start,roam,town,everybody,knows,nothing,everything,closed,like,ruin,everyone,see,half,asleep,street,start,smile,now,feel,cool,decide,take,walk,old,school,nothing,changed,still,got,nothing,say,okay,good,morning,good,morning,good,morning,people,running,round,five,clock,everywhere,town,getting,dark,everyone,see,full,life,time,tea,meet,wife,somebody,needs,know,time,glad,watching,skirts,start,flirt,now,gear,show,hope,goes,got,nothing,say,okay,good,morning,good,morning,good,good,morning,good,morning,good,good,morning,good,morning,good,good,morning,good,morning,good,good,morning,good,morning,good,guten,morgen,guten,morgen,gut,guten,morgen,guten,morgen,gut,guten,morgen,guten,morgen,gut,guten,morgen,guten,morgen,gut,guten,morgen,guten,morgen,gut,guten,morgen,guten,morgen,gut,guten,morgen,guten,morgen,good,morning,
now,time,say,good,night,good,night,sleep,tight,now,sun,turns,light,good,night,sleep,tight,dream,sweet,dreams,dream,sweet,dreams,close,eyes,close,mine,good,night,sleep,tight,now,moon,begins,shine,good,night,sleep,tight,dream,sweet,dreams,dream,sweet,dreams,mmm,close,eyes,close,mine,good,night,sleep,tight,now,sun,turns,light,good,night,sleep,tight,dream,sweet,dreams,dream,sweet,dreams,good,night,good,night,everybody,everybody,everywhere,good,night,
girl,misses,much,yeah,well,acquainted,touch,velvet,hand,like,lizard,window,pane,man,crowd,multicoloured,mirrors,hobnail,boots,lying,eyes,hands,busy,working,overtime,soap,impression,wife,ate,donated,national,trust,need,fix,cause,going,bits,left,uptown,need,fix,cause,going,mother,superior,jumped,gun,mother,superior,jumped,gun,mother,superior,jumped,gun,mother,superior,jumped,gun,mother,superior,jumped,gun,mother,superior,jumped,gun,happiness,warm,gun,happiness,warm,gun,mama,hold,arms,feel,finger,trigger,know,nobody,can,harm,warm,gun,mama,happiness,warm,gun,yes,happiness,warm,yes,gun,well,don,know,happiness,warm,gun,mama,
need,somebody,just,anybody,know,need,someone,younger,much,younger,today,never,needed,anybody,help,way,now,days,gone,self,assured,now,find,changed,mind,opened,doors,help,can,feeling,appreciate,round,help,get,feet,back,ground,won,please,please,help,now,life,changed,many,ways,independence,seems,vanish,haze,every,now,feel,insecure,know,just,need,like,never,done,help,can,feeling,appreciate,round,help,get,feet,back,ground,won,please,please,help,younger,much,younger,today,never,needed,anybody,help,way,now,days,gone,self,assured,now,find,changed,mind,opened,doors,help,can,feeling,appreciate,round,help,get,feet,back,ground,won,please,please,help,help,help,ooh,
together,see,run,like,pigs,gun,see,fly,cryin,sitting,cornflake,waiting,van,come,corporation,tee,shirt,stupid,bloody,tuesday,man,naughty,boy,let,face,grow,long,eggman,eggmen,walrus,goo,goo,joob,mister,city,policeman,sitting,pretty,little,policemen,row,see,fly,like,lucy,sky,see,run,cryin,cryin,cryin,cryin,yellow,matter,custard,dripping,dead,dog,eye,crabalocker,fishwife,pornographic,priestess,boy,naughty,girl,let,knickers,eggman,eggmen,walrus,goo,goo,joob,sitting,english,garden,waiting,sun,sun,don,come,get,tan,standing,english,rain,egg,man,egg,men,walrus,goo,goo,goo,joob,goo,goo,joob,expert,textpert,choking,smokers,don,think,joker,laughs,see,smile,like,pigs,sty,see,snied,cryin,semolina,pilchard,climbing,eiffel,tower,elementary,penguin,singing,hare,krishna,man,seen,kicking,edgar,allan,poe,eggman,eggmen,walrus,goo,goo,joob,goo,goo,joob,goo,goo,joob,goo,goo,joob,goo,joob,joob,joob,joob,joob,joob,joob,joob,joob,joob,joob,joob,joob,joob,joob,umpa,umpa,stick,jumper,everybody,got,one,everybody,got,one,villain,take,purse,ever,thou,wilt,thrive,bury,body,give,letters,thou,findst,edmund,earl,gloucester,seek,upon,english,party,untimely,death,death,know,thee,well,serviceable,villain,duteous,vices,thy,mistress,badness,desire,dead,sit,father,rest,
call,name,blame,unfair,can,sleep,night,since,gone,never,weep,night,can,don,know,can,take,don,know,can,gonna,make,kind,man,can,sleep,night,just,never,weep,night,call,name,don,know,can,take,don,know,can,gonna,make,kind,man,can,sleep,night,just,never,weep,night,call,name,call,name,call,name,woo,call,name,
don,want,spoil,party,hate,disappointment,show,nothing,disappear,turns,gone,please,let,know,drink,two,don,care,fun,wonder,went,wrong,waited,far,long,think,take,walk,look,though,tonight,made,sad,still,love,find,glad,still,love,don,want,spoil,party,hate,disappointment,show,nothing,disappear,turns,gone,please,let,know,though,tonight,made,sad,still,love,find,glad,still,love,though,drink,two,don,care,fun,wonder,went,wrong,waited,far,long,think,take,walk,look,
baby,good,know,happy,can,know,said,love,feel,fine,baby,says,mine,know,tells,time,know,said,love,feel,fine,glad,little,girl,glad,telling,world,baby,buys,things,know,buys,diamond,rings,know,said,love,feel,fine,mmm,baby,says,mine,know,tells,time,know,said,love,feel,fine,glad,little,girl,glad,telling,world,baby,buys,things,know,buys,diamond,rings,know,said,love,feel,fine,love,feel,fine,mmm,
known,better,girl,like,love,everything,hey,hey,hey,whoa,never,realized,kiss,happen,can,see,can,see,tell,love,gonna,say,love,ask,mine,gonna,say,love,realized,lot,things,love,got,give,give,hey,hey,hey,give,whoa,never,realized,kiss,happen,can,see,can,see,tell,love,gonna,say,love,ask,mine,gonna,say,love,love,love,love,
want,want,bad,want,want,bad,driving,mad,driving,mad,want,want,bad,babe,want,want,bad,driving,mad,driving,want,want,bad,babe,want,want,bad,driving,mad,driving,mad,want,want,bad,want,want,bad,driving,mad,driving,heavy,heavy,heavy,heavy,want,want,bad,want,want,bad,driving,mad,driving,mad,want,know,want,bad,babe,want,know,want,bad,driving,mad,driving,mad,yeah,
fell,love,promise,true,help,understand,cause,love,found,love,just,holding,hands,give,heart,must,sure,start,love,trust,please,don,run,hide,love,please,don,hurt,pride,like,cause,couldn,stand,pain,sad,new,love,vain,hope,see,love,love,cry,learns,two,cause,couldn,stand,pain,sad,new,love,vain,hope,see,love,love,cry,learns,two,fell,love,
know,break,heart,back,cause,told,goodbye,came,back,love,one,wants,yes,one,wants,find,better,things,break,heart,time,try,show,trying,pretend,thought,realise,ran,away,want,got,big,surprise,find,better,things,break,heart,time,try,show,trying,pretend,wanna,hate,leave,know,hate,leave,break,heart,back,
got,every,reason,earth,mad,cause,just,lost,girl,get,way,get,locked,today,can,cry,instead,got,chip,shoulder,bigger,feet,can,talk,people,meet,see,now,try,make,sad,somehow,can,cry,instead,don,wanna,cry,people,get,shy,start,stare,gonna,hide,away,hey,come,back,someday,better,hide,girls,gonna,break,hearts,round,world,yes,gonna,break,two,show,loving,man,can,cry,instead,don,wanna,cry,people,get,shy,start,stare,gonna,hide,away,hey,come,back,someday,better,hide,girls,cause,gonna,break,hearts,round,world,yes,gonna,break,two,show,loving,man,can,cry,instead,
loser,loser,appear,love,won,lost,one,love,never,crossed,girl,million,friend,known,win,end,loser,lost,someone,near,loser,appear,although,laugh,act,like,clown,beneath,mask,wearing,frown,tears,falling,like,rain,sky,cry,loser,lost,someone,near,loser,appear,done,deserve,fate,realise,left,late,true,pride,comes,fall,telling,won,lose,loser,lost,someone,near,loser,appear,
dance,think,love,happy,dance,don,want,kiss,hold,hand,funny,try,understand,really,nothing,else,rather,cause,happy,just,dance,don,need,hug,hold,tight,just,want,dance,night,world,nothing,rather,cause,happy,just,dance,just,dance,everything,need,dance,think,love,happy,dance,somebody,tries,take,place,let,pretend,just,can,see,face,world,nothing,rather,cause,happy,just,dance,just,dance,everything,need,dance,think,love,happy,dance,somebody,tries,take,place,let,pretend,just,can,see,face,world,nothing,rather,discovered,love,cause,happy,just,dance,
wake,early,morning,lift,head,still,yawning,middle,dream,stay,bed,float,stream,please,don,wake,don,shake,leave,sleeping,everybody,seems,think,lazy,don,mind,think,crazy,running,everywhere,speed,till,find,need,please,don,spoil,day,miles,away,sleeping,keeping,eye,world,going,window,taking,time,lying,staring,ceiling,waiting,sleepy,feeling,please,don,spoil,day,miles,away,sleeping,keeping,eye,world,going,window,taking,time,wake,early,morning,lift,head,still,yawning,middle,dream,stay,bed,float,stream,please,don,wake,don,shake,leave,sleeping,
tired,haven,slept,wink,tired,mind,blink,wonder,get,fix,drink,tired,don,know,tired,mind,set,wonder,call,know,say,putting,joke,harm,know,can,sleep,can,stop,brain,know,three,weeks,going,insane,know,give,everything,got,little,peace,mind,tired,feeling,upset,although,tired,another,cigarette,curse,sir,walter,raleigh,stupid,git,say,putting,joke,harm,know,can,sleep,can,stop,brain,know,three,weeks,going,insane,know,give,everything,got,little,peace,mind,give,everything,got,little,peace,mind,give,everything,got,little,peace,mind,
won,long,yeah,yeah,yeah,won,long,yeah,yeah,yeah,won,long,yeah,till,belong,every,night,everybody,fun,sitting,won,long,yeah,yeah,yeah,won,long,yeah,yeah,yeah,won,long,yeah,till,belong,since,left,alone,now,coming,coming,home,good,like,know,coming,home,coming,home,every,night,tears,come,eyes,every,day,done,nothing,cry,won,long,yeah,yeah,yeah,won,long,yeah,yeah,yeah,won,long,yeah,till,belong,ooh,since,left,alone,now,coming,coming,home,good,like,know,coming,home,coming,home,every,day,happy,know,now,know,won,leave,won,long,yeah,yeah,yeah,won,long,yeah,yeah,won,long,yeah,till,belong,
get,high,see,sigh,inside,just,flies,butterflies,shy,beside,love,feel,way,love,hard,loving,right,fight,every,night,just,sight,makes,nighttime,bright,bright,haven,right,make,girl,love,feel,way,love,hard,loving,yes,hard,loving,loving,
half,say,meaningless,say,just,reach,julia,julia,julia,ocean,child,calls,sing,song,love,julia,julia,seashell,eyes,windy,smile,calls,sing,song,love,julia,hair,floating,sky,shimmering,glimmering,sun,julia,julia,morning,moon,touch,sing,song,love,julia,sing,heart,can,speak,mind,julia,julia,sleeping,sand,silent,cloud,touch,sing,song,love,julia,hmm,hmm,hmm,calls,sing,song,love,julia,julia,julia,
picture,boat,river,tangerine,trees,marmalade,skies,somebody,calls,answer,quite,slowly,girl,kaleidoscope,eyes,cellophane,flowers,yellow,green,towering,head,look,girl,sun,eyes,gone,lucy,sky,diamonds,lucy,sky,diamonds,lucy,sky,diamonds,ahh,follow,bridge,fountain,rocking,horse,people,eat,marshmallow,pies,everyone,smiles,drift,past,flowers,grow,incredibly,high,newspaper,taxis,appear,shore,waiting,take,away,climb,back,head,clouds,gone,lucy,sky,diamonds,lucy,sky,diamonds,lucy,sky,diamonds,ahh,picture,train,station,plasticine,porters,looking,glass,ties,suddenly,someone,turnstile,girl,kaleidoscope,eyes,lucy,sky,diamonds,lucy,sky,diamonds,lucy,sky,diamonds,ahh,lucy,sky,diamonds,lucy,sky,diamonds,lucy,sky,diamonds,ahh,lucy,sky,diamonds,lucy,sky,diamonds,lucy,sky,diamonds,
mean,mister,mustard,sleeps,park,shaves,dark,trying,save,paper,sleeps,hole,road,saving,buy,clothes,keeps,ten,bob,note,nose,mean,old,man,mean,old,man,sister,pam,works,shop,never,stops,getter,takes,look,queen,place,ever,always,shouts,something,obscene,dirty,old,man,dirty,old,man,
happened,came,door,reply,said,wasn,saw,peep,window,saw,light,saw,light,know,saw,cause,looked,see,face,tried,telephone,said,home,lie,cause,know,saw,walk,door,nearly,died,nearly,died,cause,walked,hand,hand,another,man,place,realise,love,guy,forgive,lies,heard,gave,reply,tried,telephone,said,home,lie,cause,know,saw,walk,door,nearly,died,nearly,died,cause,walked,hand,hand,another,man,place,reply,reply,
girl,say,showed,room,isn,good,norwegian,wood,asked,stay,told,sit,anywhere,looked,around,noticed,wasn,chair,sat,rug,biding,time,drinking,wine,talked,two,said,time,bed,told,worked,morning,started,laugh,told,didn,crawled,sleep,bath,awoke,alone,bird,flown,lit,fire,isn,good,norwegian,wood,
know,made,cry,see,use,wondering,cry,now,changed,mind,see,reason,change,mine,cry,giving,old,line,wondering,hurt,back,second,time,know,made,cry,see,use,wondering,cry,yeah,now,changed,mind,see,reason,change,mine,cry,giving,old,line,wondering,hurt,back,second,time,second,time,second,time,second,time,
real,nowhere,man,sitting,nowhere,land,making,nowhere,plans,nobody,doesn,point,view,knows,going,isn,bit,like,nowhere,man,please,listen,don,know,missing,nowhere,man,world,command,blind,can,just,sees,wants,see,nowhere,man,can,see,nowhere,man,don,worry,take,time,don,hurry,leave,till,somebody,else,lends,hand,doesn,point,view,knows,going,isn,bit,like,nowhere,man,please,listen,don,know,missing,nowhere,man,world,command,real,nowhere,man,sitting,nowhere,land,making,nowhere,plans,nobody,making,nowhere,plans,nobody,making,nowhere,plans,nobody,
baby,said,traveling,one,said,move,honey,traveling,line,said,move,move,twice,come,baby,don,cold,ice,said,traveling,one,begged,begged,bended,knees,fooling,round,fooling,round,said,move,move,twice,come,baby,don,cold,ice,said,traveling,one,pick,bags,run,station,railman,said,got,wrong,location,pick,bag,run,right,home,find,got,number,wrong,well,said,traveling,one,said,move,honey,traveling,line,said,move,move,twice,come,baby,don,cold,ice,said,traveling,one,yeah,pick,bag,run,station,railman,says,got,wrong,location,pick,bag,run,right,home,find,got,number,wrong,well,said,traveling,one,said,move,honey,traveling,line,said,move,move,twice,come,baby,don,cold,ice,said,traveling,one,said,traveling,one,said,traveling,one,danny,boy,old,savanna,calling,
last,night,said,words,girl,know,never,even,try,girl,come,come,come,come,please,please,whoa,yeah,like,please,don,need,show,way,love,always,say,love,come,come,come,come,please,please,woah,yeah,like,please,don,want,sound,complaining,know,always,rain,heart,pleasing,hard,reason,woah,yeah,make,blue,last,night,said,words,girl,never,even,try,girl,come,come,come,come,please,please,woah,yeah,like,please,woah,yeah,like,please,woah,yeah,like,please,
well,see,polythene,pam,good,looking,looks,like,man,well,see,drag,dressed,polythene,bag,yes,see,polythene,pam,yeah,yeah,yeah,get,dose,jackboots,kilt,killer,diller,dressed,hilt,kind,girl,makes,news,world,yes,say,attractively,built,yeah,yeah,yeah,great,
rain,comes,run,hide,heads,might,well,dead,rain,comes,rain,comes,sun,shines,slip,shade,sip,lemonade,sun,shines,sun,shines,rain,don,mind,shine,weather,fine,can,show,starts,rain,everything,can,show,can,show,rain,don,mind,shine,weather,fine,can,hear,rains,shines,just,state,mind,can,hear,can,hear,sdaeh,rieht,edih,dna,nur,yeht,semoc,niar,eht,niar,niar,enihsnus,
aah,say,want,revolution,well,know,wanna,change,world,tell,evolution,well,know,wanna,change,world,talk,destruction,don,know,can,count,don,know,gonna,alright,alright,alright,say,got,real,solution,well,know,love,see,plan,ask,contribution,well,know,doin,can,want,money,people,minds,hate,can,tell,brother,wait,don,know,gonna,alright,alright,alright,say,change,constitution,well,know,wanna,change,head,tell,institution,well,know,better,free,mind,instead,carryin,pictures,chairman,mao,ain,gonna,make,anyone,anyhow,don,know,gonna,alright,alright,alright,alright,alright,alright,alright,alright,alright,alright,alright,alright,alright,alright,alright,alright,alright,
well,rather,see,dead,little,girl,another,man,better,keep,head,little,girl,won,know,better,run,life,can,little,girl,hide,head,sand,little,girl,catch,another,man,end,little,girl,well,know,wicked,guy,born,jealous,mind,can,spend,whole,life,trying,just,make,toe,line,better,run,life,can,little,girl,hide,head,sand,little,girl,catch,another,man,end,little,girl,let,sermon,mean,everything,said,baby,determined,rather,see,dead,better,run,life,can,little,girl,hide,head,sand,little,girl,catch,another,man,end,little,girl,rather,see,dead,little,girl,another,man,better,keep,head,little,girl,won,know,better,run,life,can,little,girl,hide,head,sand,little,girl,catch,another,man,end,little,girl,
sexy,sadie,done,made,fool,everyone,made,fool,everyone,sexy,sadie,done,sexy,sadie,broke,rules,laid,see,laid,see,sexy,sadie,broke,rules,one,sunny,day,world,waiting,lover,came,along,turn,everyone,sexy,sadie,greatest,sexy,sadie,know,world,waiting,just,world,waiting,just,sexy,sadie,know,sexy,sadie,get,yet,however,big,think,however,big,think,sexy,sadie,get,yet,gave,everything,owned,just,sit,table,just,smile,lighten,everything,sexy,sadie,latest,greatest,ooh,woo,made,fool,everyone,sexy,sadie,however,big,think,sexy,sadie,
said,know,like,dead,know,sad,making,feel,like,never,born,said,put,things,head,things,make,feel,mad,making,feel,like,never,born,said,don,understand,said,said,wrong,boy,everything,right,everything,right,said,even,though,know,know,know,ready,leave,cause,making,feel,like,never,born,said,don,understand,said,said,wrong,boy,everything,right,everything,right,said,even,though,know,know,know,ready,leave,cause,making,feel,like,never,born,said,know,like,dead,know,sad,know,like,dead,
let,take,cause,going,strawberry,fields,nothing,real,nothing,get,hung,strawberry,fields,forever,living,easy,eyes,closed,misunderstanding,see,getting,hard,someone,works,doesn,matter,much,let,take,cause,going,strawberry,fields,nothing,real,nothing,get,hung,strawberry,fields,forever,one,think,tree,mean,must,high,low,can,know,tune,right,think,bad,let,take,cause,going,strawberry,fields,nothing,real,nothing,get,hung,strawberry,fields,forever,always,sometimes,think,know,know,dream,think,know,mean,yes,wrong,think,disagree,let,take,cause,going,strawberry,fields,nothing,real,nothing,get,hung,strawberry,fields,forever,strawberry,fields,forever,strawberry,fields,forever,cranberry,sauce,cranberry,sauce,
come,sun,king,come,sun,king,everybody,laughing,everybody,happy,come,sun,king,quando,para,mucho,amore,felice,coraz,mundo,paparazzi,amore,chicka,ferdy,parasol,questo,obrigado,tanta,mucho,que,canite,carousel,
tell,cried,lied,tell,cried,lied,well,gave,everything,left,sitting,treat,bad,hang,head,moan,tell,cried,lied,tell,cried,lied,something,said,done,tell,apologize,don,really,can,holding,back,tears,eyes,tell,cried,lied,tell,cried,lied,well,beg,bended,knees,listen,pleas,anything,can,cause,really,can,stand,love,tell,cried,lied,tell,cried,lied,
standing,dock,southampton,trying,get,holland,france,man,mac,said,got,back,know,didn,even,give,chance,christ,know,ain,easy,know,hard,can,way,things,going,gonna,crucify,finally,made,plane,paris,honeymooning,seine,peter,brown,called,say,can,make,okay,can,get,married,gibraltar,near,spain,christ,know,ain,easy,know,hard,can,way,things,going,gonna,crucify,drove,paris,amsterdam,hilton,talking,beds,week,news,people,said,say,bed,said,trying,get,peace,christ,know,ain,easy,know,hard,can,way,things,going,gonna,crucify,saving,money,rainy,day,giving,clothes,charity,last,night,wife,said,poor,boy,dead,don,take,nothing,soul,think,made,lightning,trip,vienna,eating,chocolate,cake,bag,newspaper,said,gone,head,look,just,like,two,gurus,drag,christ,know,ain,easy,know,hard,can,way,things,going,gonna,crucify,caught,early,plane,back,london,fifty,acorns,tied,sack,men,press,said,wish,success,good,back,christ,know,ain,easy,know,hard,can,way,things,going,gonna,crucify,way,things,going,gonna,crucify,
hey,bungalow,bill,kill,bungalow,bill,hey,bungalow,bill,kill,bungalow,bill,went,tiger,hunting,elephant,gun,case,accidents,always,took,mum,american,bullet,headed,saxon,mother,son,children,sing,hey,bungalow,bill,kill,bungalow,bill,hey,bungalow,bill,kill,bungalow,bill,deep,jungle,mighty,tiger,lies,bill,elephants,taken,surprise,captain,marvel,zapped,right,eyes,children,sing,hey,bungalow,bill,kill,bungalow,bill,hey,bungalow,bill,kill,bungalow,bill,children,asked,kill,sin,looked,fierce,mummy,butted,looks,kill,instead,children,sing,hey,bungalow,bill,kill,bungalow,bill,hey,bungalow,bill,kill,bungalow,bill,hey,bungalow,bill,kill,bungalow,bill,hey,bungalow,bill,kill,bungalow,bill,hey,bungalow,bill,kill,bungalow,bill,hey,bungalow,bill,kill,bungalow,bill,hey,bungalow,bill,kill,bungalow,bill,hey,bungalow,bill,kill,bungalow,bill,eyup,
place,can,feel,low,feel,blue,mind,time,alone,think,things,round,head,things,said,like,love,mind,sorrow,don,know,sad,tomorrow,don,know,place,can,feel,low,feel,blue,mind,time,alone,place,place,place,place,
boy,took,love,away,though,regret,someday,boy,wants,back,boy,isn,good,though,may,want,boy,wants,back,boy,happy,just,love,boy,won,happy,till,seen,cry,boy,wouldn,mind,pain,always,feel,boy,gets,back,boy,boy,boy,
think,gonna,sad,think,today,yeah,girl,driving,mad,going,away,got,ticket,ride,got,ticket,ride,got,ticket,ride,don,care,said,living,bringing,yeah,never,free,around,got,ticket,ride,got,ticket,ride,got,ticket,ride,don,care,don,know,riding,high,think,twice,right,gets,saying,goodbye,think,twice,right,think,going,sad,think,today,yeah,girl,driving,mad,going,away,yeah,got,ticket,ride,got,ticket,ride,got,ticket,ride,don,care,don,know,riding,high,think,twice,right,gets,saying,goodbye,think,twice,right,said,living,bringing,yeah,never,free,around,got,ticket,ride,got,ticket,ride,got,ticket,ride,don,care,baby,don,care,baby,don,care,baby,don,care,baby,don,care,baby,don,care,baby,don,care,
turn,mind,relax,float,downstream,dying,dying,lay,thoughts,surrender,void,shining,shining,may,see,meaning,within,love,love,everyone,knowing,knowing,ignorance,hate,may,mourn,dead,believing,believing,listen,colour,dreams,living,living,play,game,existence,end,beginning,beginning,beginning,beginning,beginning,beginning,beginning,
woah,woah,got,whole,lot,things,tell,get,home,come,way,cause,gonna,see,baby,today,got,whole,lot,things,gotta,say,woah,woah,got,whole,lot,things,tell,get,home,come,please,got,time,triviality,got,girl,waiting,home,tonight,woah,woah,got,whole,lot,things,tell,get,home,get,home,tonight,gonna,hold,tight,gonna,love,till,cows,come,home,love,till,walk,door,come,let,got,many,things,gotta,got,business,way,woah,woah,got,whole,lot,things,tell,get,home,yeah,got,whole,lot,things,tell,get,home,
two,three,yes,lonely,want,die,yes,lonely,want,die,ain,dead,already,woo,girl,know,reason,morning,want,die,evening,want,die,ain,dead,already,woo,girl,know,reason,mother,sky,father,earth,universe,know,worth,lonely,want,die,ain,dead,already,woo,girl,know,reason,eagle,picks,eye,worm,licks,bones,feel,suicidal,just,like,dylan,jones,lonely,want,die,ain,dead,already,woo,girl,know,reason,black,cloud,crossed,mind,blue,mist,round,soul,feel,suicidal,even,hate,rock,roll,want,die,yeah,want,die,ain,dead,already,woo,girl,know,reason,
wear,red,tonight,remember,said,tonight,red,color,baby,wore,true,yes,scarlet,clothes,wore,everybody,knows,sure,remember,things,planned,understand,true,yes,true,yes,happy,side,forget,pride,yes,yes,yes,yeah,please,don,wear,red,tonight,said,tonight,red,color,make,blue,spite,true,yes,true,yes,happy,side,forget,pride,yes,yes,yes,yeah,please,don,wear,red,tonight,said,tonight,red,color,make,blue,spite,true,yes,true,yes,true,
got,something,say,might,cause,pain,catch,talking,boy,going,let,leave,flat,told,can,well,second,time,caught,talking,tell,one,time,think,sin,think,let,leave,flat,told,can,everybody,green,cause,one,won,love,seen,talking,way,laugh,face,please,listen,want,stay,mine,can,help,feelings,mind,going,let,leave,flat,told,can,everybody,green,cause,one,won,love,seen,talking,way,laugh,face,please,listen,want,stay,mine,can,help,feelings,mind,going,let,leave,flat,told,can,
know,name,look,number,know,name,look,number,know,know,name,know,know,name,good,evening,welcome,slaggers,featuring,denis,bell,come,ringo,let,hear,denis,good,evening,know,name,look,look,look,number,know,name,right,look,number,know,know,name,know,know,name,know,name,look,number,know,name,right,look,number,know,know,know,name,know,know,know,name,huh,huh,huh,huh,know,name,pum,look,number,know,name,look,number,know,know,name,baby,know,know,name,know,know,name,know,know,name,let,hear,denis,let,hear,denis,bell,know,name,know,know,name,know,know,name,prrr,know,name,number,know,name,number,know,know,name,look,number,know,number,three,know,number,two,know,number,three,know,number,four,know,name,know,number,know,name,know,number,know,name,right,yeah,
gonna,lose,girl,gonna,lose,girl,don,take,tonight,gonna,change,mind,take,tonight,treat,kind,gonna,lose,girl,gonna,lose,girl,don,treat,right,friend,gonna,find,gone,cause,treat,right,lonely,one,gonna,lose,girl,gonna,lose,girl,gonna,loo,make,point,taking,away,yeah,way,treat,else,can,gonna,lose,girl,gonna,lose,girl,gonna,lose,girl,gonna,lose,girl,gonna,loo,make,point,taking,away,yeah,way,treat,else,can,don,take,tonight,gonna,change,mind,take,tonight,treat,kind,gonna,lose,girl,gonna,lose,girl,gonna,lose,girl,
stand,head,hand,turn,face,wall,gone,can,feeling,two,foot,small,everywhere,people,stare,every,day,can,see,laugh,hear,say,hey,got,hide,love,away,hey,got,hide,love,away,can,even,try,can,never,win,hearing,seeing,state,say,love,find,way,gather,round,clowns,let,hear,say,hey,got,hide,love,away,hey,got,hide,love,away,
close,eyes,kiss,tomorrow,miss,remember,always,true,away,write,home,every,day,send,lovin,pretend,kissing,lips,missing,hope,dreams,come,true,away,write,home,every,day,send,lovin,lovin,send,lovin,darlin,true,close,eyes,kiss,tomorrow,miss,remember,always,true,away,write,home,every,day,send,lovin,lovin,send,lovin,darlin,true,huh,lovin,huh,lovin,ooh,lovin,huh,send,
one,two,three,four,can,little,five,six,seven,eight,nine,ten,love,can,bring,friend,tea,love,sail,ship,chop,tree,skip,rope,look,together,now,together,now,together,now,together,now,black,white,green,red,can,take,friend,bed,pink,brown,yellow,orange,blue,love,together,now,together,now,together,now,together,now,together,now,together,now,together,now,together,now,sail,ship,chop,tree,skip,rope,look,together,now,together,now,together,now,together,now,together,now,together,now,together,now,together,now,together,now,together,now,together,now,together,now,
give,love,saw,love,love,love,gives,everything,tenderly,kiss,lover,brings,brings,love,love,like,never,die,long,near,bright,stars,shine,dark,sky,know,love,mine,never,die,love,bright,stars,shine,dark,sky,know,love,mine,never,die,love,
got,another,girl,another,girl,making,say,got,nobody,today,well,got,somebody,new,ain,fool,don,take,don,want,got,another,girl,another,girl,sweeter,girls,met,quite,nobody,world,can,can,telling,time,better,stop,got,another,girl,another,girl,love,till,end,thick,thin,always,friend,don,want,say,unhappy,today,well,seen,somebody,new,ain,fool,don,take,don,want,got,another,girl,another,girl,love,till,end,thick,thin,always,friend,don,want,say,unhappy,today,well,seen,somebody,new,ain,fool,don,take,don,want,got,another,girl,another,girl,another,girl,
flew,miami,beach,didn,get,bed,last,night,way,paper,bag,knee,man,dreadful,flight,back,don,know,lucky,boy,back,away,long,hardly,knew,place,gee,good,back,home,leave,till,tomorrow,unpack,case,honey,disconnect,phone,back,don,know,lucky,boy,back,back,back,ukraine,girls,really,knock,leave,west,behind,moscow,girls,make,sing,shout,georgia,always,mind,come,hoo,hey,hoo,hey,hoo,hoo,yeah,yeah,yeah,yeah,back,don,know,lucky,boys,back,ukraine,girls,really,knock,leave,west,behind,moscow,girls,make,sing,shout,georgia,always,mind,show,round,snow,peaked,mountains,way,south,take,daddy,farm,let,hear,balalaikas,ringing,come,keep,comrade,warm,back,don,know,lucky,boys,back,let,tell,honey,hey,back,back,hey,good,home,yeah,back,
say,birthday,well,birthday,yeah,say,birthday,gonna,good,time,glad,birthday,happy,birthday,one,two,three,four,five,six,seven,eight,yes,goin,party,party,yes,goin,party,party,yes,goin,party,party,like,dance,take,cha,cha,cha,chance,like,dance,dance,yeah,woo,come,like,dance,take,cha,cha,cha,chance,like,dance,woo,dance,dance,say,birthday,well,birthday,yeah,say,birthday,gonna,good,time,glad,birthday,happy,birthday,
blackbird,singing,dead,night,take,broken,wings,learn,fly,life,waiting,moment,arise,blackbird,singing,dead,night,take,sunken,eyes,learn,see,life,waiting,moment,free,blackbird,fly,blackbird,fly,light,dark,black,night,blackbird,fly,blackbird,fly,light,dark,black,night,blackbird,singing,dead,night,take,broken,wings,learn,fly,life,waiting,moment,arise,waiting,moment,arise,waiting,moment,arise,
can,buy,love,love,can,buy,love,buy,diamond,ring,friend,makes,feel,alright,get,anything,friend,makes,feel,alright,cause,don,care,much,money,money,can,buy,love,give,got,give,say,love,may,lot,give,got,give,don,care,much,money,money,can,buy,love,can,buy,love,everybody,tells,can,buy,love,say,don,need,diamond,rings,satisfied,tell,want,kind,things,money,just,can,buy,don,care,much,money,money,can,buy,love,buy,love,everybody,tells,can,buy,love,say,don,need,diamond,rings,satisfied,tell,want,kind,things,money,just,can,buy,don,care,much,money,money,can,buy,love,can,buy,love,love,can,buy,love,
boy,gonna,carry,weight,carry,weight,long,time,boy,gonna,carry,weight,carry,weight,long,time,never,give,pillow,send,invitations,middle,celebrations,break,boy,gonna,carry,weight,carry,weight,long,time,boy,gonna,carry,weight,carry,weight,long,time,
asked,girl,wanted,said,baby,can,see,wanna,famous,star,screen,can,something,baby,can,drive,car,yes,gonna,star,baby,can,drive,car,maybe,love,told,girl,prospects,good,said,baby,understood,working,peanuts,fine,can,show,better,time,baby,can,drive,car,yes,gonna,star,baby,can,drive,car,maybe,love,beep,beep,beep,beep,yeah,baby,can,drive,car,yes,gonna,star,baby,can,drive,car,maybe,love,told,girl,start,right,away,said,listen,babe,got,something,say,got,car,breaking,heart,found,driver,start,baby,can,drive,car,yes,gonna,star,baby,can,drive,car,maybe,love,beep,beep,beep,beep,yeah,beep,beep,beep,beep,yeah,beep,beep,beep,beep,yeah,beep,beep,beep,beep,yeah,beep,beep,beep,beep,yeah,
ooh,need,love,babe,guess,know,true,hope,need,love,babe,just,like,need,hold,love,hold,love,ain,got,nothing,love,babe,eight,days,week,love,everyday,girl,always,mind,one,thing,can,say,girl,love,time,hold,love,hold,love,ain,got,nothing,love,girl,eight,days,week,eight,days,week,love,eight,days,week,enough,show,care,ooh,need,love,babe,guess,know,true,hope,need,love,babe,just,like,need,hold,love,hold,love,ain,got,nothing,love,babe,eight,days,week,eight,days,week,love,eight,days,week,enough,show,care,love,everyday,girl,always,mind,one,thing,can,say,girl,love,time,hold,love,hold,love,ain,got,nothing,love,babe,eight,days,week,eight,days,week,eight,days,week,
look,lonely,people,look,lonely,people,eleanor,rigby,picks,rice,church,wedding,lives,dream,waits,window,wearing,face,keeps,jar,door,lonely,people,come,lonely,people,belong,father,mckenzie,writing,words,sermon,one,hear,one,comes,near,look,working,darning,socks,night,nobody,care,lonely,people,come,lonely,people,belong,look,lonely,people,look,lonely,people,eleanor,rigby,died,church,buried,along,name,nobody,came,father,mckenzie,wiping,dirt,hands,walks,grave,one,saved,lonely,people,come,lonely,people,belong,
walking,beside,people,tell,lucky,yes,know,lucky,guy,remember,first,time,lonely,without,can,stop,thinking,now,every,little,thing,yeah,know,things,ooh,happy,just,know,loves,yes,know,loves,now,one,thing,sure,love,forever,know,love,never,die,every,little,thing,yeah,know,things,ooh,every,little,thing,yeah,know,things,ooh,every,little,thing,every,little,thing,every,little,thing,
fixing,hole,rain,gets,stops,mind,wandering,filling,cracks,ran,door,kept,mind,wandering,really,doesn,matter,wrong,right,belong,right,belong,see,people,standing,disagree,never,win,wonder,don,get,door,painting,room,colourful,way,mind,wandering,ooh,ooh,ooh,hey,hey,hey,hey,really,doesn,matter,wrong,right,belong,right,belong,silly,people,run,around,worry,never,ask,don,get,past,door,taking,time,number,things,weren,important,yesterday,still,ooh,ooh,ooh,fixing,hole,rain,gets,stops,mind,wandering,fixing,hole,rain,gets,stops,mind,wandering,
day,breaks,mind,aches,find,words,kindness,linger,longer,needs,wakes,makes,takes,time,doesn,feel,hurry,longer,needs,eyes,see,nothing,sign,love,behind,tears,cried,one,love,lasted,years,want,need,yet,don,believe,says,love,dead,think,needs,eyes,see,nothing,sign,love,behind,tears,cried,one,love,lasted,years,stay,home,goes,says,long,ago,knew,someone,now,gone,doesn,need,day,breaks,mind,aches,times,things,said,fill,head,won,forget,eyes,see,nothing,sign,love,behind,tears,cried,one,love,lasted,years,
rosetta,sweet,loretta,fart,thought,cleaner,frying,pan,sweet,rosetta,martin,rosetta,picker,picker,picture,fingers,burning,ooh,okay,man,thought,loner,knew,couldn,last,left,home,tucson,arizona,california,grass,get,back,get,back,get,back,belonged,get,back,get,back,get,back,belonged,get,back,get,back,get,back,belonged,get,back,get,back,get,back,belonged,get,back,sweet,loretta,martin,thought,woman,another,man,girls,around,say,got,coming,gets,can,get,back,get,back,get,back,belonged,get,back,get,back,get,back,belonged,get,back,yeah,get,back,get,back,belonged,yeah,get,back,get,back,get,back,belonged,get,back,ooh,thanks,like,say,thank,behalf,group,hope,passed,audition,
getting,better,time,used,get,mad,school,teachers,taught,weren,cool,holding,turning,round,filling,rules,got,admit,getting,better,little,better,time,admit,getting,better,getting,better,since,mine,used,angry,young,man,hiding,head,sand,gave,word,finally,heard,best,can,got,admit,getting,better,little,better,time,yes,admit,getting,better,getting,better,since,mine,getting,much,better,time,getting,better,time,getting,better,time,used,cruel,woman,beat,kept,apart,things,loved,man,mean,changing,scene,best,can,got,admit,getting,better,little,better,time,admit,getting,better,getting,better,since,mine,getting,much,better,time,getting,better,time,getting,better,time,getting,much,better,time,
way,get,back,homeward,way,get,back,home,sleep,pretty,darling,cry,sing,lullaby,golden,slumbers,fill,eyes,smiles,awake,rise,sleep,pretty,darling,cry,sing,lullaby,way,get,back,homeward,way,get,back,home,sleep,pretty,darling,cry,sing,lullaby,
good,day,sunshine,good,day,sunshine,good,day,sunshine,need,laugh,sun,got,something,can,laugh,feel,good,special,way,love,sunny,day,good,day,sunshine,good,day,sunshine,good,day,sunshine,take,walk,sun,shining,burns,feet,touch,ground,good,day,sunshine,good,day,sunshine,good,day,sunshine,lie,beneath,shady,tree,love,loving,feels,good,knows,looking,fine,proud,know,mine,good,day,sunshine,good,day,sunshine,good,day,sunshine,good,day,sunshine,good,day,sunshine,good,day,sunshine,good,day,sunshine,
alone,took,ride,didn,know,find,another,road,maybe,see,another,kind,mind,ooh,suddenly,see,ooh,tell,need,every,single,day,life,didn,run,didn,lie,knew,wanted,just,hold,gone,knew,time,meet,told,ooh,meant,near,ooh,want,hear,say,together,every,day,got,get,life,can,can,want,stay,true,never,leave,know,way,ooh,suddenly,see,ooh,tell,need,every,single,day,life,got,get,life,got,get,life,alone,took,ride,didn,know,find,another,road,maybe,see,another,kind,mind,suddenly,see,tell,need,every,single,day,life,
say,yes,say,say,stop,say,say,goodbye,say,hello,hello,hello,don,know,say,goodbye,say,hello,hello,hello,don,know,say,goodbye,say,hello,say,high,say,low,say,say,don,know,say,goodbye,say,hello,hello,hello,don,know,say,goodbye,say,hello,hello,hello,don,know,say,goodbye,say,hello,say,goodbye,goodbye,bye,bye,bye,say,goodbye,say,hello,hello,hello,don,know,say,goodbye,say,hello,hello,hello,don,know,say,goodbye,say,hello,say,yes,say,say,stop,say,say,goodbye,say,hello,hello,hello,don,know,say,goodbye,say,hello,hello,hello,don,know,say,goodbye,say,hello,hello,hello,don,know,say,goodbye,say,hello,hello,hela,heba,helloa,hela,heba,helloa,cha,cha,cha,hela,heba,helloa,woo,hela,heba,helloa,hela,hela,heba,helloa,cha,cha,cha,hela,heba,helloa,woo,hoo,hela,heba,helloa,cha,cha,cha,hela,heba,helloa,cha,cha,cha,
get,bottom,back,top,slide,stop,turn,ride,till,get,bottom,see,yeah,yeah,yeah,well,don,want,love,coming,fast,miles,tell,tell,tell,come,tell,answer,well,may,lover,ain,dancer,now,helter,skelter,helter,skelter,helter,skelter,yeah,woo,won,want,make,coming,fast,don,let,break,tell,tell,tell,answer,may,lover,ain,dancer,look,helter,skelter,helter,skelter,helter,skelter,ooh,look,cause,comes,get,bottom,back,top,slide,stop,turn,ride,get,bottom,see,yeah,yeah,yeah,well,don,want,make,coming,fast,don,let,break,tell,tell,tell,answer,may,lover,ain,dancer,look,helter,skelter,helter,skelter,helter,skelter,well,look,helter,skelter,coming,fast,yes,yes,coming,fast,helter,skelter,woo,got,blisters,fingers,
majesty,pretty,nice,girl,doesn,lot,say,majesty,pretty,nice,girl,changes,day,day,wanna,tell,love,lot,gotta,get,belly,full,wine,majesty,pretty,nice,girl,someday,gonna,make,mine,yeah,someday,gonna,make,mine,
lead,better,life,need,love,making,day,year,changing,life,wave,hand,nobody,can,deny,something,running,hands,hair,thinking,good,can,someone,speaking,doesn,know,want,everywhere,beside,know,need,never,care,love,need,everywhere,knowing,love,share,one,believing,love,never,dies,watching,eyes,hoping,always,want,everywhere,beside,know,need,never,care,love,need,everywhere,knowing,love,share,one,believing,love,never,dies,watching,eyes,hoping,always,everywhere,everywhere,
hey,jude,don,make,bad,take,sad,song,make,better,remember,let,heart,can,start,make,better,hey,jude,don,afraid,made,get,minute,let,skin,begin,make,better,anytime,feel,pain,hey,jude,refrain,don,carry,world,upon,shoulders,well,know,fool,plays,cool,making,world,little,colder,hey,jude,don,let,found,now,get,remember,let,heart,can,start,make,better,let,let,hey,jude,begin,waiting,someone,perform,don,know,just,hey,jude,movement,need,shoulder,yeah,hey,jude,don,make,bad,take,sad,song,make,better,remember,let,skin,begin,make,better,better,better,better,better,better,yeah,yeah,yeah,yeah,yeah,yeah,yeah,hey,jude,hey,jude,hey,jude,hey,jude,hey,jude,hey,jude,hey,jude,hey,jude,hey,jude,wow,hey,jude,hey,jude,jude,jude,jude,jude,jude,jude,hey,jude,hey,jude,hey,jude,hey,jude,hey,jude,hey,jude,hey,jude,hey,jude,
feels,right,now,hold,tight,tell,one,might,never,lonely,one,hold,tight,tonight,tonight,hold,tight,let,loving,tonight,tonight,making,love,hold,tight,tonight,tonight,don,know,means,hold,tight,alone,tonight,feels,right,now,hold,tight,tell,one,might,never,lonely,one,hold,tight,tonight,tonight,don,know,means,hold,tight,alone,tonight,feels,right,now,hold,tight,let,loving,tonight,tonight,making,love,hold,tight,tonight,tonight,ooh,ooh,ooh,ooh,ooh,ooh,ooh,ooh,ooh,
working,girl,north,england,way,now,hit,big,time,hear,say,honey,pie,making,crazy,love,lazy,won,please,come,home,honey,pie,position,tragic,come,show,magic,hollywood,song,became,legend,silver,screen,now,thought,meeting,makes,weak,knee,honey,pie,driving,frantic,sail,across,atlantic,belong,honey,pie,come,back,ooh,yeah,like,like,like,kind,hot,kind,music,hot,kind,music,play,play,hollywood,blues,wind,blew,boat,across,sea,kindly,send,sailing,back,tee,tee,tee,now,honey,pie,making,crazy,love,lazy,won,please,come,home,come,come,back,honey,pie,ooh,honey,pie,honey,pie,
one,two,three,four,well,just,seventeen,know,mean,way,looked,way,beyond,compare,dance,another,ooh,saw,standin,well,looked,see,long,fall,love,wouldn,dance,another,woo,saw,standin,well,heart,went,boom,crossed,room,held,hand,mine,danced,night,held,tight,long,fell,love,now,never,dance,another,woo,since,saw,standin,well,heart,went,boom,crossed,room,held,hand,mine,danced,night,held,tight,long,fell,love,now,never,dance,another,ooh,since,saw,standin,since,saw,standin,yeah,well,since,saw,standing,
knows,long,loved,know,love,still,wait,lonely,lifetime,want,ever,saw,didn,catch,name,never,really,mattered,always,feel,love,forever,forever,love,heart,love,whenever,together,love,apart,last,find,song,fill,air,sing,loud,can,hear,make,easy,near,things,endear,know,
one,day,look,see,gone,tomorrow,may,rain,follow,sun,day,know,one,tomorrow,may,rain,follow,sun,now,time,come,love,must,though,lose,friend,end,know,one,day,find,gone,tomorrow,may,rain,follow,sun,yeah,tomorrow,may,rain,follow,sun,now,time,come,love,must,though,lose,friend,end,know,one,day,find,gone,tomorrow,may,rain,follow,sun,
tell,lies,thinking,can,see,can,cry,cause,laughing,can,laugh,know,know,man,buys,ring,woman,throws,away,old,thing,happen,every,day,can,laugh,know,know,alone,nobody,else,still,moan,keep,hands,baby,can,laugh,know,know,wow,baby,baby,know,yes,ground,baby,upside,yeah,yeah,yeah,yeah,yeah,baby,feeling,upside,ooh,baby,yeah,baby,yeah,baby,well,baby,well,baby,baby,baby,baby,yeah,ooh,
looking,thought,knew,know,don,look,different,changed,looking,lips,moving,hear,voice,soothing,words,aren,clear,don,sound,different,learned,game,looking,tell,treat,right,love,nasty,habit,disappearing,overnight,thinking,old,way,today,difference,looking,nowhere,tell,treat,right,love,nasty,habit,disappearing,overnight,looking,thought,knew,know,don,look,different,changed,looking,yeah,baby,changed,looking,yeah,looking,changed,changed,changed,changed,changed,
just,seen,face,can,forget,time,place,just,met,just,girl,want,world,see,met,mmm,mmm,mmm,mmm,mmm,another,day,might,looked,way,never,aware,dream,tonight,fallin,yes,fallin,keeps,callin,back,never,known,like,alone,missed,things,kept,sight,girls,never,quite,like,fallin,yes,fallin,keeps,callin,back,fallin,yes,fallin,keeps,callin,back,just,seen,face,can,forget,time,place,just,met,just,girl,want,world,see,met,mmm,mmm,mmm,fallin,yes,fallin,keeps,callin,back,fallin,yes,fallin,keeps,callin,back,fallin,yes,fallin,keeps,callin,back,
lady,madonna,children,feet,wonder,manage,make,ends,meet,finds,money,pay,rent,think,money,heaven,sent,friday,night,arrives,without,suitcase,sunday,morning,creeping,like,nun,monday,child,learned,tie,bootlace,see,run,lady,madonna,baby,breast,wonders,manage,feed,rest,see,run,lady,madonna,lying,bed,listen,music,playing,head,tuesday,afternoon,never,ending,wednesday,morning,papers,didn,come,thursday,night,stockings,needed,mending,see,run,lady,madonna,children,feet,wonder,manage,make,ends,meet,
find,times,trouble,mother,mary,comes,speaking,words,wisdom,let,hour,darkness,standing,right,front,speaking,words,wisdom,let,let,let,let,let,whisper,words,wisdom,let,broken,hearted,people,living,world,agree,answer,let,though,may,parted,still,chance,see,answer,let,let,let,let,let,yeah,answer,let,let,let,let,let,whisper,words,wisdom,let,let,let,let,yeah,let,whisper,words,wisdom,let,night,cloudy,still,light,shines,shine,tomorrow,let,wake,sound,music,mother,mary,comes,speaking,words,wisdom,let,yeah,let,let,let,yeah,let,answer,let,let,let,let,yeah,let,answer,let,let,let,let,yeah,let,whisper,words,wisdom,let,
love,love,know,love,always,true,please,love,whoa,love,love,love,know,love,always,true,please,love,whoa,love,someone,love,somebody,new,someone,love,someone,like,love,love,know,love,always,true,please,love,whoa,love,hey,now,love,love,know,love,always,true,please,love,whoa,love,yeah,love,whoa,love,yeah,love,don,love,
lovely,rita,meter,maid,lovely,rita,meter,maid,lovely,rita,meter,maid,nothing,can,come,gets,dark,tow,heart,away,standing,parking,meter,caught,glimpse,rita,filling,ticket,little,white,book,cap,looked,much,older,bag,across,shoulder,made,look,little,like,military,man,lovely,rita,meter,maid,may,inquire,discreetly,free,take,tea,rita,took,tried,win,laugh,dinner,told,really,like,see,got,bill,rita,paid,took,home,nearly,made,sitting,sofa,sister,two,lovely,rita,meter,maid,without,give,wink,make,think,lovely,rita,meter,maid,lovely,rita,meter,maid,lovely,rita,meter,maid,lovely,rita,meter,maid,
roll,roll,mystery,tour,roll,roll,mystery,tour,roll,roll,mystery,tour,roll,roll,mystery,tour,magical,mystery,tour,waiting,take,away,waiting,take,away,roll,roll,mystery,tour,roll,roll,mystery,tour,roll,roll,mystery,tour,roll,roll,mystery,tour,magical,mystery,tour,hoping,take,away,hoping,take,away,mystery,trip,magical,mystery,tour,roll,roll,mystery,tour,roll,roll,mystery,tour,roll,roll,mystery,tour,magical,mystery,tour,coming,take,away,coming,take,away,magical,mystery,tour,dying,take,away,dying,take,away,take,today,
martha,dear,though,spend,days,conversation,please,remember,martha,love,don,forget,martha,dear,hold,head,silly,girl,look,done,find,thick,help,bit,around,silly,girl,take,good,look,around,take,good,look,bound,see,meant,silly,girl,hold,hand,silly,girl,see,done,find,thick,help,bit,around,silly,girl,martha,dear,always,inspiration,please,good,martha,love,don,forget,martha,dear,
joan,quizzical,studied,pataphysical,science,home,late,nights,alone,test,tube,maxwell,edison,majoring,medicine,calls,phone,can,take,pictures,joa,oan,getting,ready,knock,comes,door,bang,bang,maxwell,silver,hammer,came,upon,head,clang,clang,maxwell,silver,hammer,made,sure,dead,back,school,maxwell,plays,fool,teacher,gets,annoyed,wishing,avoid,unpleasant,sce,ene,tells,max,stay,class,gone,away,waits,behind,writing,fifty,times,must,turns,back,boy,creeps,behind,bang,bang,maxwell,silver,hammer,came,upon,head,clang,clang,maxwell,silver,hammer,made,sure,dead,said,caught,dirty,one,maxwell,stands,alone,painting,testimonial,pictures,rose,valerie,screaming,gallery,say,must,free,judge,agree,tells,words,leaving,lips,noise,comes,behind,bang,bang,maxwell,silver,hammer,came,upon,head,clang,clang,maxwell,silver,hammer,made,sure,dead,whoa,whoa,whoa,
michelle,belle,words,together,well,michelle,michelle,belle,sont,les,mots,qui,vont,bien,ensemble,bien,ensemble,love,love,love,want,say,find,way,say,words,know,understand,michelle,belle,sont,les,mots,qui,vont,bien,ensemble,bien,ensemble,need,need,need,need,make,see,mean,hoping,know,mean,love,want,want,want,think,know,now,get,somehow,telling,understand,michelle,belle,sont,les,mots,qui,vont,bien,ensemble,bien,ensemble,say,words,know,understand,michelle,
born,poor,young,country,boy,mother,nature,son,day,long,sitting,singing,songs,everyone,sit,beside,mountain,stream,see,waters,rise,listen,pretty,sound,music,flies,find,field,grass,mother,nature,son,swaying,daisies,sing,lazy,song,beneath,sun,mmm,yeah,yeah,yeah,mmm,mmm,mmm,mmm,mmm,mmm,ooh,ooh,ooh,ooh,ooh,ooh,mmm,mmm,mmm,mmm,mmm,mmm,mmm,mmm,mmm,mmm,lullaby,ooh,mother,nature,son,
desmond,barrow,marketplace,molly,singer,band,desmond,says,molly,girl,like,face,molly,says,takes,hand,life,goes,brah,life,goes,life,goes,brah,life,goes,desmond,takes,trolley,jeweler,store,buys,twenty,karat,golden,ring,takes,back,molly,waiting,door,gives,begins,sing,life,goes,brah,life,goes,life,goes,brah,life,goes,yeah,couple,years,built,home,sweet,home,couple,kids,running,yard,desmond,molly,jones,happy,ever,marketplace,desmond,lets,children,lend,hand,molly,stays,home,pretty,face,evening,still,sings,band,yes,life,goes,brah,life,goes,yeah,life,goes,brah,life,goes,couple,years,built,home,sweet,home,couple,kids,running,yard,desmond,molly,jones,yeah,happy,ever,marketplace,molly,lets,children,lend,hand,desmond,stays,home,pretty,face,evening,singer,band,life,goes,brah,life,goes,yeah,life,goes,brah,life,goes,want,fun,take,bla,ahh,thank,
darling,please,believe,never,harm,believe,tell,never,harm,darling,leave,never,make,alone,believe,beg,don,ever,leave,alone,told,didn,need,anymore,well,know,nearly,broke,cried,told,didn,need,anymore,well,know,nearly,fell,died,darling,leave,never,make,alone,believe,tell,never,harm,told,didn,need,anymore,well,know,nearly,broke,cried,told,didn,need,anymore,well,know,nearly,fell,died,darling,please,believe,never,let,believe,tell,never,harm,
paperback,writer,dear,sir,madam,read,book,took,years,write,take,look,based,novel,man,named,lear,need,job,want,paperback,writer,paperback,writer,dirty,story,dirty,man,clinging,wife,doesn,understand,son,working,daily,mail,steady,job,wants,paperback,writer,paperback,writer,paperback,writer,thousand,pages,give,take,writing,week,two,make,longer,like,style,can,change,round,want,paperback,writer,paperback,writer,really,like,can,rights,make,million,overnight,must,return,can,send,need,break,want,paperback,writer,paperback,writer,paperback,writer,paperback,writer,paperback,writer,paperback,writer,paperback,writer,paperback,writer,paperback,writer,paperback,writer,paperback,writer,
penny,lane,barber,showing,photographs,every,head,pleasure,known,people,come,stop,say,hello,corner,banker,motorcar,little,children,laugh,behind,back,banker,never,wears,mac,pouring,rain,strange,penny,lane,ears,eyes,beneath,blue,suburban,skies,sit,meanwhile,back,penny,lane,fireman,hourglass,pocket,portrait,queen,likes,keep,fire,engine,clean,clean,machine,penny,lane,ears,eyes,four,fish,finger,pies,summer,meanwhile,back,behind,shelter,middle,roundabout,pretty,nurse,selling,poppies,tray,though,feels,play,anyway,penny,lane,barber,shaves,another,customer,see,banker,sitting,waiting,trim,fireman,rushes,pouring,rain,strange,penny,lane,ears,eyes,beneath,blue,suburban,skies,sit,meanwhile,back,penny,lane,ears,eyes,beneath,blue,suburban,skies,penny,lane,
write,letter,send,love,remember,always,love,treasure,words,til,together,keep,love,forever,love,coming,home,love,til,day,love,love,write,letter,send,love,remember,always,love,treasure,words,til,together,keep,love,forever,love,write,letter,send,love,remember,always,love,coming,home,love,til,day,love,love,love,
now,somewhere,black,mining,hills,dakota,lived,young,boy,named,rocky,raccoon,one,day,woman,ran,another,guy,hit,young,rocky,eye,rocky,didn,like,said,gonna,get,boy,one,day,walked,town,booked,room,local,saloon,rocky,raccoon,checked,room,find,gideon,bible,rocky,come,equipped,gun,shoot,legs,rival,rival,seems,broken,dreams,stealing,girl,fancy,name,magill,called,lil,everyone,knew,nancy,now,man,called,dan,next,room,hoedown,rocky,burst,grinning,grin,said,danny,boy,showdown,daniel,hot,drew,first,shot,rocky,collapsed,corner,aaah,dan,dan,dan,dan,dan,dan,dan,dan,dan,dan,dan,dan,dan,dan,dan,dan,dan,dooroo,dooroo,dooroo,dooroo,dooroo,now,doctor,came,stinking,gin,proceeded,lie,table,said,rocky,met,match,rocky,said,doc,scratch,better,better,doc,soon,able,now,rocky,raccoon,fell,back,room,find,gideon,bible,gideon,checked,left,doubt,help,good,rocky,revival,aah,yeah,yeah,dooroo,dooroo,dooroo,dooroo,dooroo,dooroo,dooroo,dooroo,dooroo,dooroo,mon,rocky,boy,dooroo,mon,rocky,boy,dooroo,dooroo,yeah,come,let,rocky,
one,two,three,four,twist,twist,woo,sgt,pepper,lonely,hearts,club,band,hope,enjoyed,show,sgt,pepper,lonely,hearts,club,band,sorry,time,sgt,pepper,lonely,sgt,pepper,lonely,sgt,pepper,lonely,sgt,pepper,lonely,sgt,pepper,lonely,hearts,club,band,like,thank,sgt,pepper,one,lonely,hearts,club,band,getting,near,end,sgt,pepper,lonely,sgt,pepper,lonely,sgt,pepper,lonely,hearts,club,band,band,band,band,band,band,band,band,
twenty,years,ago,today,sgt,pepper,taught,band,play,going,style,guaranteed,raise,smile,may,introduce,act,known,years,sgt,pepper,lonely,hearts,club,band,sgt,pepper,lonely,hearts,club,band,hope,enjoy,show,sgt,pepper,lonely,hearts,club,band,sit,back,let,evening,sgt,pepper,lonely,sgt,pepper,lonely,sgt,pepper,lonely,hearts,club,band,wonderful,certainly,thrill,lovely,audience,like,take,home,love,take,home,don,really,want,stop,show,thought,might,like,know,singer,going,sing,song,wants,sing,along,let,introduce,one,billy,shears,sgt,pepper,lonely,hearts,club,band,yeah,
listen,now,heh,heh,heh,look,came,bathroom,window,protected,silver,spoon,now,sucks,thumb,wanders,banks,lagoon,didn,anybody,tell,didn,anybody,see,sunday,phone,monday,tuesday,phone,said,always,dancer,worked,fifteen,clubs,day,though,thought,knew,answer,well,knew,say,quit,police,department,got,steady,job,though,tried,best,help,steal,rob,didn,anybody,tell,didn,anybody,see,sunday,phone,monday,tuesday,phone,yeah,
love,don,give,presents,know,peasant,ever,give,love,forever,forever,love,don,give,presents,turn,get,lonely,people,tell,fooling,know,isn,don,give,boys,eye,hates,see,cry,happy,just,hear,say,never,leave,don,give,boys,eye,never,make,jealous,gives,time,well,loving,don,ask,woman,understands,woman,loves,man,love,don,give,presents,know,peasant,ever,give,love,forever,forever,love,don,give,presents,turn,get,lonely,people,tell,fooling,know,isn,woman,understands,woman,loves,man,love,don,give,presents,know,peasant,ever,give,love,forever,forever,love,don,give,presents,turn,get,lonely,people,tell,fooling,know,isn,woman,woman,woman,woman,woman,
wednesday,morning,five,clock,day,begins,silently,closing,bedroom,door,leaving,note,hoped,say,goes,downstairs,kitchen,clutching,handkerchief,quietly,turning,backdoor,key,stepping,outside,free,leaving,home,leaving,home,living,alone,many,years,father,snores,wife,gets,dressing,gown,picks,letter,lying,standing,alone,top,stairs,breaks,cries,husband,daddy,baby,gone,treat,thoughtlessly,leaving,home,leaving,home,living,alone,many,years,friday,morning,nine,clock,far,away,waiting,keep,appointment,made,meeting,man,motor,trade,fun,something,inside,always,denied,many,years,leaving,home,
let,take,heart,prove,never,apart,part,open,eyes,now,tell,see,surprise,now,see,big,black,clouds,may,time,pass,away,put,trust,make,bright,day,look,eyes,now,tell,see,don,realise,now,see,tell,see,listen,one,time,can,get,can,try,see,trying,get,open,eyes,now,tell,see,surprise,now,see,tell,see,listen,one,time,can,get,can,try,see,trying,get,open,eyes,now,tell,see,surprise,now,see,hmm,
yeah,alright,going,dreams,tonight,love,love,love,love,love,love,love,love,love,love,love,love,love,love,love,love,love,love,love,love,love,love,love,love,love,end,love,take,equal,love,make,
day,day,alone,hill,man,foolish,grin,keeping,perfectly,still,nobody,wants,know,can,see,just,fool,never,gives,answer,fool,hill,sees,sun,going,eyes,head,see,world,spinning,round,well,way,head,cloud,man,thousand,voices,talking,perfectly,loud,nobody,ever,hears,sound,appears,make,never,seems,notice,fool,hill,sees,sun,going,eyes,head,see,world,spinning,round,nobody,seems,like,can,tell,wants,never,shows,feelings,fool,hill,sees,sun,going,eyes,head,see,world,spinning,round,round,round,round,round,round,never,listens,knows,fools,don,like,fool,hill,sees,sun,going,eyes,head,see,world,spinning,round,round,round,round,round,round,round,round,
long,winding,road,leads,door,never,disappear,seen,road,always,leads,lead,door,wild,windy,night,rain,washed,away,left,pool,tears,crying,day,leave,standing,let,know,way,many,times,alone,many,times,cried,anyway,never,know,many,ways,tried,still,lead,back,long,winding,road,left,standing,long,long,time,ago,don,leave,waiting,lead,door,still,lead,back,long,winding,road,left,standing,long,long,time,ago,don,keep,waiting,lead,door,yeah,yeah,yeah,yeah,
said,goodbyes,love,eyes,now,today,find,changed,mind,treat,like,night,telling,lies,unwise,held,near,sincere,treat,like,night,last,night,night,remember,think,things,makes,wanna,cry,said,goodbye,love,eyes,now,today,find,changed,mind,treat,like,night,held,near,sincere,treat,like,night,last,night,night,remember,think,things,makes,wanna,cry,telling,lies,unwise,held,near,sincere,treat,like,night,like,night,
say,love,thinkin,somehow,know,someday,lonely,wishing,weren,far,away,remember,things,said,today,say,mine,girl,till,end,time,days,kind,girl,seems,hard,find,someday,dreaming,deep,love,lot,say,remember,things,said,today,just,lucky,kind,love,hear,say,love,love,though,may,blind,love,stay,enough,make,mine,girl,one,love,time,girl,someday,dreaming,deep,love,lot,say,remember,things,said,today,just,lucky,kind,love,hear,say,love,love,though,may,blind,love,stay,enough,make,mine,girl,one,love,time,girl,someday,dreaming,deep,love,lot,say,remember,things,said,today,
dig,pygmy,charles,hawtrey,deaf,aids,phase,one,doris,gets,oats,two,riding,nowhere,spending,someone,hard,earned,pay,sunday,driving,arriving,way,back,home,way,home,way,home,going,home,two,sending,postcard,writing,letters,wall,burning,matches,lifting,latches,way,back,home,way,home,way,home,going,home,memories,longer,road,stretches,ahead,two,wearing,raincoats,standing,solo,sun,chasing,paper,getting,nowhere,way,back,home,way,home,way,home,going,home,memories,longer,road,stretches,ahead,two,wearing,raincoats,standing,solo,sun,chasing,paper,getting,nowhere,way,back,home,way,home,way,home,going,home,going,home,better,believe,goodbye,
look,feeling,blue,lonely,much,ask,got,running,fun,much,ask,waiting,wondering,gonna,need,love,true,please,stop,lying,got,crying,girl,much,ask,waiting,wondering,gonna,need,love,true,please,stop,lying,got,crying,girl,much,ask,
get,older,losing,hair,many,years,now,still,sending,valentine,birthday,greetings,bottle,wine,till,quarter,three,lock,door,still,need,still,feed,sixty,four,oooh,older,say,word,stay,handy,mending,fuse,lights,gone,can,knit,sweater,fireside,sunday,mornings,ride,garden,digging,weeds,ask,still,need,still,feed,sixty,four,every,summer,can,rent,cottage,isle,wight,dear,shall,scrimp,save,grandchildren,knee,vera,chuck,dave,send,postcard,drop,line,stating,point,view,indicate,precisely,mean,say,sincerely,wasting,away,give,answer,fill,form,mine,evermore,still,need,still,feed,sixty,four,woo,
don,road,don,road,don,road,don,road,one,watching,don,road,don,road,don,road,don,road,don,road,one,watching,don,road,don,road,don,road,don,road,don,road,one,watching,don,road,
honey,pie,honey,pie,honey,pie,honey,pie,honey,pie,honey,pie,honey,pie,honey,pie,love,honey,pie,
billy,shears,think,sang,tune,stand,walk,lend,ears,sing,song,try,sing,key,get,little,help,friends,get,high,little,help,friends,gonna,try,little,help,friends,love,away,feel,end,day,get,little,help,friends,get,high,little,help,friends,gonna,try,little,help,friends,need,anybody,need,somebody,love,anybody,want,somebody,love,believe,love,first,sight,yes,certain,happens,time,see,turn,light,can,tell,know,mine,get,little,help,friends,get,high,little,help,friends,gonna,try,little,help,friends,need,anybody,just,need,someone,love,anybody,want,somebody,love,get,little,help,friends,gonna,try,little,help,friends,get,high,little,help,friends,yes,get,little,help,friends,little,help,friends,
town,born,lived,man,sailed,sea,told,life,land,submarines,sailed,sun,till,found,sea,green,lived,beneath,waves,yellow,submarine,live,yellow,submarine,yellow,submarine,yellow,submarine,live,yellow,submarine,yellow,submarine,yellow,submarine,friends,aboar,many,live,next,door,band,begins,play,live,yellow,submarine,yellow,submarine,yellow,submarine,live,yellow,submarine,yellow,submarine,yellow,submarine,full,speed,ahead,mister,boatswain,full,speed,ahead,full,speed,ahead,sergeant,cut,cable,drop,cable,aye,aye,sir,aye,aye,captain,captain,live,life,ease,every,one,need,sky,blue,sea,green,yellow,submarine,live,yellow,submarine,yellow,submarine,yellow,submarine,live,yellow,submarine,yellow,submarine,yellow,submarine,live,yellow,submarine,yellow,submarine,yellow,submarine,live,yellow,submarine,yellow,submarine,yellow,submarine,
yesterday,troubles,seemed,far,away,now,looks,though,stay,believe,yesterday,suddenly,half,man,used,shadow,hanging,yesterday,came,suddenly,don,know,wouldn,say,said,something,wrong,now,long,yesterday,yesterday,love,easy,game,play,now,need,place,hide,away,believe,yesterday,don,know,wouldn,say,said,something,wrong,now,long,yesterday,yesterday,love,easy,game,play,now,need,place,hide,away,believe,yesterday,mmm,mmm,mmm,mmm,mmm,hmm,hmm,
never,give,money,give,funny,paper,middle,negotiations,break,never,give,number,give,situation,middle,investigation,break,college,money,spent,see,future,pay,rent,money,gone,nowhere,jobber,got,sack,monday,morning,turning,back,yellow,lorry,slow,nowhere,magic,feeling,nowhere,magic,feeling,nowhere,nowhere,ahhh,ahhh,ahhh,ahhh,one,sweet,dream,pick,bags,get,limousine,soon,away,step,gas,wipe,tear,away,one,sweet,dream,came,true,today,came,true,today,came,true,today,yes,one,two,three,four,five,six,seven,good,children,heaven,one,two,three,four,five,six,seven,good,children,heaven,one,two,three,four,five,six,seven,good,children,heaven,one,two,three,four,five,six,seven,good,children,heaven,one,two,three,four,five,six,seven,good,children,heaven,one,two,three,four,five,six,seven,good,children,heaven,one,two,three,four,five,six,seven,good,children,heaven,one,two,three,four,five,six,seven,good,children,heaven,one,two,three,four,five,six,seven,good,children,heaven,
call,line,engaged,enough,act,age,lost,time,hard,find,lose,mind,won,see,won,see,don,know,want,hide,can,get,hands,tied,won,want,stay,don,much,say,get,turned,away,won,see,won,see,time,time,refuse,even,listen,wouldn,mind,knew,missing,though,days,filled,tears,since,lost,feels,like,years,yes,seems,long,girl,since,gone,just,can,won,see,won,see,time,time,refuse,even,listen,wouldn,mind,knew,missing,though,days,filled,tears,since,lost,feels,like,years,yes,seems,long,girl,since,gone,just,can,won,see,won,see,ooh,ooh,ooh,
let,get,dance,song,hit,mother,born,though,born,long,long,time,ago,mother,know,mother,know,sing,let,get,dance,song,hit,mother,born,though,born,long,long,time,ago,mother,know,mother,know,lift,hearts,sing,song,hit,mother,born,though,born,long,long,time,ago,mother,know,mother,know,mother,know,mother,know,sing,dada,dada,dada,dada,dada,though,born,long,long,time,ago,mother,know,mother,know,mother,know,mother,know,mother,know,mother,know,
