Label,Description
paul,lil wayne performed a career-spanning medley of hits during snl50: the anniversary special on sunday
paul,people have the power, a show saluting smiths work, will now include an ex-bangle, a former heartbreaker, and a legendary underground filmmaker
paul,while accepting the saturn award for his film dream scenario, the actor warned that even seemingly inconsequential uses of ai can open the floodgates for complete creative compromise
paul,the past couple of decades have seen many successful music autobiographies, but there are still some big-name holdouts, including mick jagger, madonna, and axl rose
paul,mccartney closes out the anniversary episode how he did a surprise show in new york earlier this week
paul,the gig will take place at the bowery ballroom and tickets are only available at the venues box office
paul,paul mccartney called on the british government to protect artists in the face of a new copyright law that could allow for ai to rip off creators
paul,pauls show at the small beloved nyc venue was full of beatles classics, solo gems, and screaming fans who couldnt believe they were there
paul,the musicares persons of the year gala honoring grateful dead will feature billy strings, noah kahan, maren morris, john mayer, and more performers
paul,the band also brought out dave grohls 18-year-old daughter, violet grohl, to wrap up the set with an emotional rendition of all apologies
paul,john backed a proposed amendment that could preempt a copyright overhaul that would grant tech companies easier access to copyrighted works
paul,saturday night live is putting on a star-studded special to celebrate its 50th birthday — here’s how you can watch the live show online
paul,miley cyrus, brittany howard, and the roots paid tribute to sinead oconnor with a performance of nothing compares 2 u on snl50
paul,“i was not born then,” she said after the songwriter shared he and george harrison performed it on the show in 1976
paul,the surviving members of nirvana once again reunited — this time with post malone — at the all-star snl 50 concert at new york’s radio city music hall
paul,other stars slated for the 50th anniversary show include amy poehler, andy samberg, chris rock, fred armisen, garrett morris, jane curtin, and jason sudeikis
paul,kanye west was dropped by his talent agency and one of his top staffers quit after he made a number of antisemitic and other offensive remarks
paul,dave grohl will perform as part of the snl 50 anniversary concert on feb 14 at radio city music hall
paul,ty dolla $ign said he did not condone any kind of hate speech in a post shared following kanye wests latest string of offensive comments
paul,tina fey, amy poehler, and seth meyers appeared on the tonight show alongside host jimmy fallon ahead of the snl50 anniversary special
paul,the latest anniversary special recycled some aspects of past tribute shows, with little controversy, a lot of celebrity, and a sweet, knowing sentimentality
paul,the rapper kept it all about the music, a highlight of a super bowl that had plenty of weird pop-culture moments
paul,profile of the man behind sly and the family stone gives you plenty of evidence that hes one of the most important musicians ever — and a lot more
paul,my experience in the transcendental meditation movement in the 1980s soured me on the practice — but a tense conversation with the famed director and artist eventually brought enlightenment
paul,even the greatest artists are guilty of putting garbage songs on otherwise classic lps, from the beatles and bob dylan to harry styles and taylor swift
john,record store day 2025 releases include post malones nirvana covers, taylor swifts fortnight single, gracie abrams, john lennon, and more
john,pauls show at the small beloved nyc venue was full of beatles classics, solo gems, and screaming fans who couldnt believe they were there
john,a long-awaited — and fraught — film about brian epstein hits some of the right notes but misses plenty of others
john,even the greatest artists are guilty of putting garbage songs on otherwise classic lps, from the beatles and bob dylan to harry styles and taylor swift
