LABEL,Description
paul,The Beatle calls on the government to reconsider proposed changes to copyright law
paul,The th anniversary special of Saturday Night Live will feature guests who have been on the show before including Paul McCartney and Kim Kardashian
paul,The legendary band won the Grammy for Best Rock Performance but lost Record of the Year to Kendrick Lamar
paul,Stella McCartney is officially buying back the minority stake from LVMH in the brand s latest business move While LVMH divests in the brand the designer is still slated to work with the group with a new title of global ambassador for sustainability WWD repo
paul,The chancellor raised taxes in the Budget but now she wants to get rid of barriers to business Why the change of focus
paul,Barbra Streisand is getting ready for a spring release on her new album This collection is mostly duets as I ve told you before Streisand is singing with Paul McCartney Bob Dylan and Sting among others With McCartney they re collaborating on Paul s
paul,Paul McCartney pictured on stage in London in December The music legend made the surprise announcement Tuesday hours before his show later that day more
paul,Shopify confirmed to BI that it took down YEEZY com after a Super Bowl ad directed viewers to an online store that later featured a swastika T shirt
paul,In this week s biggest fashion headlines luxury s creative director rotation continues to turn men s runway presentations sent strong messages and new brand partnerships were announced just as others draw to a close While Glenn Martens was announced as Mai
paul,Paul McCartney has urged that musicians be protected from the effects of proposed changes to AI regulation The legendary singer songwriter whose own fortune made through his music is estimated at billion bn told the BBC that if the new rules come
paul,See photos of every Super Bowl Halftime Show performance from to including Prince Paul McCartney Beyonc Michael Jackson Snoop Dogg and more
paul,Christian Lacroix Kapital Laura Ashley Stella McCartney True Religion Urban Skin RX Vera Wang and Vince have new owners JCPenney has merged with SPARC Group
paul,Paul McCartney is certainly set for life but in a recent interview with the BBC the former Beatle stumped for protections for younger artists against A I and exploitation by tech giants You get young guys girls coming up and they write a beautiful son
paul,Starting promptly at pm McCartney and his band rocked The Bowery Ballroom for two straight hours Paul McCartney Rips Through Intimate Club Show at Bowery Ballroom in NYC Paolo Ragusa
paul,Jesse McCartney is adding another beautiful soul to his family The Just So You Know singer and his wife Katie Peterson are expecting their first baby the couple announced on social media in
paul,We re getting the first glimpse of SNL The Anniversary Special NBC released a promo Thursday for the upcoming special which will feature appearances by Adam Driver Ayo Edebiri Bad Bunny Dave Chappelle John Mulaney Kim Kardashian Martin Short Miley
paul,Successful men gravitate toward athleisure brands like Alo and Lululemon for comfortable work pants Buck Mason is also popular for menswear basics
paul,The Super Bowl halftime show underscores just how much Kendrick Lamar has been dominating pop culture writes Taylor Crumpton
paul,People Have the Power a show saluting Smith s work will now include an ex Bangle a former Heartbreaker and a legendary underground filmmaker
paul,Sabrina Carpenter Lil Wayne Brittany Howard and The Roots are also confirmed to perform Paul McCartney Paul Simon Miley Cyrus to Play SNL s th Anniversary Special Scoop Harrison
paul,Rangers score three second half goals to overcome stubborn SWPL opponents Spartans as Aberdeen Partick Thistle and Motherwell also win
paul,Who has the most Grammys Beyonc and that s not her only Grammy related record
paul,UPDATE Complete casting has been announced for the Broadway production of Stranger Things The First Shadow In addition to the principal cast previously announced the member cast will include Janie Brookshire Kelsey Anne Brown Malcolm Callend
paul,John Mulaney Paul McCartney Steve Martin Tom Hanks and Scarlett Johansson are just a few of the names set to appear on the three hour telecast on February th SNL Unveils Star Studded Lineup for th Anniversary Special Mary Siroky
paul,Stella McCartney x Adidas Stan Smith Sneakers Years of working together has created a great deal of trust between sustainable high fashion hero Stella McCartney and German sportswear brand Adidas So much so that the latter let the former have full rein on it
paul,While accepting the Saturn Award for his film Dream Scenario the actor warned that even seemingly inconsequential uses of AI can open the floodgates for complete creative compromise
paul,A bunch of stars stepped out at the start of New York Fashion Week to attend the launch of the Stella McCartney x adidas Rasant trainer Model Alex Consani helped Stella McCartney host the event on Wednesday evening February at the Stella flagship store i
paul,As we inch closer to Sunday s huge three hour primetime celebration SNL The Anniversary Special we re learning who the musical artists are who have been tapped to perform in honor of the th anniversary of NBC s Saturday Night Live Going the index card
paul,Fresh from Charli XCX s performance at the Grammys Alex Consani and Gabbriette joined Stella McCartney for a party in her SoHo store during NYFW
paul,The past couple of decades have seen many successful music autobiographies but there are still some big name holdouts including Mick Jagger Madonna and Axl Rose
paul,Jesse McCartney is going to be a dad In honor of Valentine s Day on Friday February the year old Beautiful Soul singer and his wife Katie Peterson announced that they re expecting their first child together Our lil Valentine arriving xo
paul,Paul McCartney urged the British government not to make a change to copyright laws that he says could let artificial intelligence companies rip off artists The post Paul McCartney Calls for Artist Protections Against Artificial Intelligence appeared first on
paul,U S President Donald Trump s trade tariffs on Canadian and Mexican oil imports will offer European and Asian refineries a competitive advantage against
paul,Mike Vrabel is not retaining quarterbacks coach T C
paul,Paul McCartney told the BBC that would make it harder for artists to retain control of their work and undermine Britain s creative industries
paul,Odessa Young Ciar n Hinds Olivia DeJonge and Simon Baker co star in the limited series premiering at Berlinale
paul,The Beatles produced some of the greatest songs known to man but what about the Beatles songs made by a single Beatles Which are the best ones
paul,Taylor Swift is back in her football era Less than hours after stepping out for dinner with her family in New York City the Lover singer cheered on boyfriend Travis Kelce as the Kansas City
paul,Many of music s biggest stars nominated for Grammys have appeared on Minutes including Beyonc Taylor Swift Paul McCartney Lady Gaga Eminem Chris Stapleton and most recently Samara Joy
paul,The Beatles could finally win Record of the Year at the Grammys for Now and Then breaking a historic losing streak that s continued for decades
paul,Paul McCartney is taking over New York City The year old music icon performed a surprise show on Wednesday night February at the famed Bowery Ballroom in NYC This was the second surprise show Paul had performed at the venue He also performed at the
paul,https instagram com p DGENBLxy c Jesse McCartney and wife Katie Peterson are expecting their first child together The pair have been married since Source
paul,The Grammy Award for best new artist has gone to superstars like Mariah Carey and The Beatles However not every winner found mainstream success
paul,Taylor Swift s Super Bowl squad was definitely smaller than last year No Sir Paul McCartney or Blake Lively But Ice Spice and the Haim sisters did come through the Superdome
paul,The Adidas by Stella McCartney Sportswear Low Ground WMNS in Vapour Pink and Turbo is a striking embodiment of cutting edge design blended with functionality As part of the collaboration between Adidas and renowned fashion designer Stella McCartney this lin
paul,The Adidas by Stella McCartney Sportswear in Glory Grey and Silver Metallic is a stunning fusion of high performance athletic wear and bold modern fashion This line exemplifies the successful collaboration between Adidas a leader in sportswear and St
paul,Philadelphia Eagles beat Kansas City Chiefs to lift Super Bowl LIX in New Orleans
paul,The Adidas by Stella McCartney Seeulater Core Black Solar Green is a distinctive merger of high fashion and sportswear technology seamlessly embodying the innovative spirit of both Adidas and renowned designer Stella McCartney This collaboration resul
paul,The Adidas by Stella McCartney Dropset Strength WMNS Hi Res Yellow represents a dynamic collaboration that fuses high performance sportswear with cutting edge fashion design Launched as part of the ongoing partnership between global sportswear giant Adid
paul,The Adidas by Stella McCartney Seeulater Team Navy Blue Charcoal is an iconic fusion of fashion forward design and top notch functionality This innovative sneaker collaboration between Adidas and renowned fashion designer Stella McCartney exemplifies a
paul,The Adidas by Stella McCartney Slide WMNS Halo Carbon exemplifies a seamless blend of style and functionality offering a chic yet comfortable option for everyday wear This collaboration brings together the innovative sportswear ethos of Adidas and the h
paul,Nothing is normal in Nuuk these days
paul,Some of the biggest celebrities in the world add to their vast fortunes by forging relationships with brands Taylor Swift is no exception She s been a spokeswoman for Diet Coke Apple Target Keds and Stella McCartney to name just a few Partnering with
paul,After being struck down by winter illness the BBC s James Gallagher goes in search of ways to boost his immune system
paul,Sabrina Carpenter shares Short n Sweet Deluxe featuring five new songs including Dolly Parton on an updated Please Please Please
paul,What did I see camped out for Paul McCartney s secret shows in Manhattan this week Attempted bribery vehicular mishaps and tears ensued But the modern day Beatlemania was nowhere near as bad as a Ticketmaster queue
paul,The Adidas by Stella McCartney Ultraboost WMNS Bliss Halo is a striking blend of style and performance designed to cater to the modern fashion forward athlete This collaborative piece brings Stella McCartney s high fashion aesthetic to Adidas renowned
paul,I really can t think of another thing that is as powerful inspirational and huge as SNL is Billie Eilish says in Questlove s Ladies Gentlemen Years of SNL Music documentary The Summer of Soul director has dived deep into the archives to put some co
paul,Somewhere the Motown music hitmakers of the s and s such as the original members of the Four Tops and The Temptations who have passed Read More The post For Super Bowl This Would Be a Halftime Show Worthy of the Big Game appeared first on The
paul,Saturday Night Live is celebrating its th anniversary since airing by re airing its very first episode before its anniversary special The post SNL s First Episode Will Re Air on NBC to Celebrate Its th Anniversary appeared first on Nerdist
paul,All that and more in this week s edition of Hodinkee s What s Selling Where column
paul,Dave Grohl Krist Novoselic and Pat Smear reunited and were helped by variety of guest vocalists for a Nirvana performance at the FireAid benefit concert
paul,Somewhere the Motown music hitmakers of the s and s such as the original members of the Four Tops and the Temptations who have passed Read More The post For Next Year s Super Bowl How About a Halftime Show Worthy of the Big Game appeared fir
paul,Somewhere the Motown music hitmakers of the s and s such as the original members of the Four Tops and The Temptations who have passed Read More The post For Next Year s Super Bowl How About a Halftime Show For the Ages appeared first on The
paul,Only now after Kanye West sold a T shirt with a swastika on it is Ty Dolla ign speaking out against his collaborator Apparently anyway as he declined to name West on Instagram
paul,New York Paul McCartney s previous New York area performance took place three years ago at MetLife Stadium capacity His surprise show Tuesday night at the Bowery Ballroom fit at most It was probably less than that since McCartney s sound b
paul,Who will win big at the Grammy Awards this weekend Breaking down Best New Artist Album of the Year and more
paul,The NFL Honors event is not just for football players Actors and musicians attended too Country singers Jelly Roll and Shaboozey were among the stars who stepped out for the NFL Honors event on Thursday night February at Saenger Theatre in New Orle
paul,Almost people with firearm licenses in Northern Ireland have had guns seized from them
paul,Judit Bankus who spent eight years at Burberry and helped found the Karl Lagerfeld brand will work closely with Creative Director Haider Ackermann
paul,The Fab Four took home their first Grammy win in years for their final song The Beatles Now And Then Wins Best Rock Performance at Grammys Paolo Ragusa
paul,Two prominent SNL alumni will not be involved in Sunday s three hour special Dan Aykroyd and Bill Hader Will Be Absent From SNL s th Anniversary Special Report Scoop Harrison
paul,The Adidas by Stella McCartney Ultraboost DNA WMNS in Clear Onix and Trace Purple is a remarkable fusion of high performance functionality and stylish design embodying the essence of modern athletic wear This innovative sneaker is a part of the ongoing coll
paul,The iconic musician explained that his lifelong allergies have prevented him from doing so More Bad News Ringo Starr Says He s Never Had Pizza Mary Siroky
paul,Lamar is the first solo rapper to headline the Super Bowl halftime show
paul,The stage prequel to the hit Netflix series will open on Broadway in April with West End star Louis McCartney reprising his role The post Stranger Things The First Shadow Full Cast Revealed appeared first on TheWrap
paul,Julia Berolzheimer The Winter Garden featuring timeless garden styles that blend structure with organic beauty think climbing roses fresh greenery and soft pastels creating a cultivated yet effortless charm
paul,The Adidas ASMC Rasant V Collegiate Red is a dynamic sneaker that reflects the innovative collaboration between Adidas and renowned designer Stella McCartney Known for blending high fashion aesthetics with athletic functionality this partnership continues
paul,Chris has been using cannabis for the majority of his adult life and says he used to get behind the wheel while under the influence but it isn t something he does anymore
paul,The Adidas ASMC Rasant V Cloud White Off White is a remarkable testament to the fusion of style and performance within the athletic footwear realm Originating from a collaboration between Adidas and the renowned fashion designer Stella McCartney this sne
paul,Like her co star Ariana Grande Wicked star Cynthia Erivo completely ditched all traces of Elphaba for the Wicked luncheon victory party in London We love to see it No seriously We LOVE to see it This is a great look for her and we think it s notable t
paul,After serving as a captain for the New England Patriots in veteran quarterback Jacoby Brissett is scheduled to reach free agency once again in March
paul,https instagram com p DF p B xBXM The cast of the fourth Captain America film attended the premiere of their film in Los Angeles Opens in theaters Friday February Summary Sam Wilson the new Captain America finds himself in the middle of an internati
paul,The cast of the third season of HBO s The White Lotus attended the premiere in Los Angeles The third season which takes place in Thailand premieres on HBO MAX February Lisa in Miss Sohee https instagram com p DF vHQeyvcn Parker Posey in GucciLeslie Bi
paul,The Beatles bring Let It Be back to several charts in the U K this week as the final release from the rockers is a bestseller once more in their home country
paul,Abbey Road by The Beatles returns to three Billboard charts this week after not appearing on any of them last time around
paul,Jess Weatherbed The Verge The Beatles Now and Then created using AI and an original s lo fi demo won Best Rock Performance at the Grammys McCartney and Starr completed it in The Now and Then track was released in after machine lear
paul,While the fashion circuit always has predictions on the upcoming season s trends it isn t exactly possible to take a guaranteed The post This Up and Coming Color Trend Was Worn on Repeat at the Grammys appeared first on The Everygirl
paul,Live from New York it s a whole bunch of former Saturday Night Live hosts and musical guests NBC on Thursday announced the first wave of A listers set to appear as part of SNL The Anniversary Special Airing Sunday Feb at c the three hour prim
paul,The guestlist for Saturday Night Live s big th anniversary special is starting to come together and it s seriously star studded The beloved late night show is marking its th anniversary on air this year and they are pulling out all the stops with a con
paul,Saturday Night Live just announced the complete lineup of musical guests who will perform during their th anniversary special on Sunday February The beloved late night show is marking its big anniversary with a concert documentary and more Everythin
paul,Saturday Night Live is celebrating its legacy with a th anniversary special and a ton of SNL alums and celebrities who ve previously appeared on the show are joining in on the fun The three hour SNL special will air on NBC and Peacock on February at
paul,The pop star reportedly tried to persuade Michaels to cut a girl squad spoof after she declined to appear in it Lorne Michaels Once Told Taylor Swift He Doesn t Negotiate with Terrorists When She Tried to Stop a Sketch Eddie Fu
john,New Hampshire pilot Dave Lennon was practicing takeoffs and landings when he said his plane stalled
john,The Beatle calls on the government to reconsider proposed changes to copyright law
john,The legendary band won the Grammy for Best Rock Performance but lost Record of the Year to Kendrick Lamar
john,Elon Musk continues to champion right wing politics in Europe
john,Sunderland College students help a Newcastle woman keep a promise she made to her dying father
john,It s a crucial north London derby for both teams at the Emirates
john,Graham Potter returns to his old club in this East vs West London derby
john,Motherwell have had a couple of offers from a club for year old midfielder Lennon Miller that were miles away from our valuation chief executive Brian Caldwell reveals
john,Musk s support for AfD has helped what was once a fringe political party enter the mainstream lifting it up in front of a global audience
john,A pair iconic golden stainless steel round glasses belonging to John Lennon were recently auctioned at a charity event for
john,Team news for Saturday and Sunday s Scottish Premiership fixtures
john,The Photo Brussels festival has embraced AI images by showcasing artists who use the controversial medium to tell stories in much the same way real photographers do Read More
john,EXCLUSIVE Magnolia Pictures is taking North American rights to Kevin Macdonald s documentary One to One John Yoko which after making its world premiere at the Venice Film Festival and a play at Telluride is making a pit stop in the Spotlight section at
john,A running list of all the films acquired for distribution out of the Sundance Film Festival
john,Motherwell seal a pre contract agreement to sign Jordan McGhee when his Dundee deal expires this summer
john,The Simpsons has featured a number of celebrity cameos over the last three decades but two of a producer s dream guests are an impossibility
john,Many of the major winners who picked up trophies on music s biggest night have graced the Tiny Desk Watch their performances here
john,Brendan Rodgers praises his Celtic side after they kept believing to snatch a late win over Young Boys and create a bit of history by reaching the Champions League play off round
john,John Lennon s solo album Mind Games won a Grammy and The Beatles returned with another win but the late rocker himself didn t earn any more gold last night
john,Kevin Macdonald s One to One hits Sundance with footage of John Lennon s final concerts so fucking good and a remarkable set of never revealed audio
john,A new Scottish Challenge Cup league format and loan system changes will be introduced next season in an attempt to tackle reduced game time for young players at Premiership clubs
john,We asked for your views on your team s performance here is a taste of some of the best views from around the Scottish Premiership clubs
john,With six defeats in their past games a loss to their biggest rivals and closer to the relegation zone than the top four things are going from bad to worse for Tottenham
john,Babygirl star Harris Dickinson responds to rumors he will play music legend John Lennon in Sam Mendes four planned Beatles biopic movies
john,The Beatles could finally win Record of the Year at the Grammys for Now and Then breaking a historic losing streak that s continued for decades
john,The Seagulls look to bounce back from a Nottingham Forest thrashing as they host Enzo Maresca s Blues
john,The Fab Four took home their first Grammy win in years for their final song The Beatles Now And Then Wins Best Rock Performance at Grammys Paolo Ragusa
john,Another schedule change for Hollywood Squares Beginning Wednesday Jan Hollywood Squares will air at pm followed by The Price Is Right At Night at pm and Raid the Cage at pm Hollywood Squares previous timeslot CBS announced Wednesday On Wedn
john,Two episodes into the revival of Hollywood Squares on CBS and it was just plain fun
john,The Beatles produced some of the greatest songs known to man but what about the Beatles songs made by a single Beatles Which are the best ones
john,The Grammy Award for best new artist has gone to superstars like Mariah Carey and The Beatles However not every winner found mainstream success
john,The top stories and transfer rumours from Saturday s newspapers
john,Celtic reportedly complete the sale of Kyogo to Rennes while buying Jota from the French club as Kieran Tierney is said to have signe a pre contract agreement to also return to the Scottish champions
john,Billie Eilish performed her hit song Birds of a Feather at the Grammys and got Taylor Swift and Margaret Qualley standing up to dance together in the audience Eilish was flanked by a massive screen showing Los Angeles San Gabriel Mountains and Altadena s
john,The top stories and transfer rumours from Wednesday s newspapers
john,Celtic are set for a famous night under the Parkhead lights as they return to the Champions League knock out stages for the first time in over a decade
john,The world s wealthiest man revived an argument that the right already won
john,The th Grammy Awards are set to kick off Sunday night under a new focus raising funds to support relief efforts following the devastating Los Angeles County wildfires With nominations across numerous big ticket categories Beyonc is the front runner o
john,Coach is bringing out the stars for their New York Fashion Week show Emily Ratajkowski Halle Bailey and Tommy Dorfman posed for photos as they arrived at the fashion show held on Monday February in New York City Fellow stars that sat front row at the
john,St Vincent was a big winner during the premiere ceremony ahead of the Grammy Awards on Sunday February at the Crypto com Arena in Los Angeles The year old singer picked up three more Grammys to add to her collection She won Best Rock Song for Br
john,Long time friends and collaborators Gregory Darling and Julian Lennon unite for their latest single A New Dream Providing an uplifting and inspiring message of hope and perseverance the track is
john,Callum McGregor has gone from Celtic ball boy to captain in a career that has earned him major honours so far
john,Artist Draws Stunning Portraits of John Lennon and Yoko Ono on Vintage Maps for Grammy Nominated Re Release of Mind Games Out of the entirety of Ed Fairburn s year career his work for Mind Games The Ultimate Collection strikes him as some of his most t
john,The Grammy Awards are underway See photos of Jennifer Lopez Joni Mitchell Clive Davis and other stars on the red carpet
john,Jess Weatherbed The Verge The Beatles Now and Then created using AI and an original s lo fi demo won Best Rock Performance at the Grammys McCartney and Starr completed it in The Now and Then track was released in after machine lear
john,The Beatles bring Let It Be back to several charts in the U K this week as the final release from the rockers is a bestseller once more in their home country
john,Billie Eilish could join Adele and Taylor Swift as the only women to win Album of the Year at the Grammys more tan once if Hit Me Hard and Soft comes out on top
john,Abbey Road by The Beatles returns to three Billboard charts this week after not appearing on any of them last time around
john,Mike Ashley has launched another broadside against Boohoo alleging that the retailer is paying million each year in undisclosed fees to its cofounder s son
john,St Vincent The Beatles and Rolling Stones each won a Grammy for one or more of the rock categories they were nominated in at the th Grammy Awards
john,Watching TV that first day we awaited the roar of planes and the rumble of explosions We didn t have to wait long
john,Somewhere the Motown music hitmakers of the s and s such as the original members of the Four Tops and The Temptations who have passed Read More The post For Super Bowl This Would Be a Halftime Show Worthy of the Big Game appeared first on The
john,We spotted another celebrity celebrating in Disney World The post CELEBRITY SIGHTING See The Celeb Who Is Celebrating A Birthday in Disney World appeared first on AllEars Net
john,i The Trial of Jonah i follows a protagonist on a journey through time from prehistory to s warehouse parties
john,Who will win big at the Grammy Awards this weekend Breaking down Best New Artist Album of the Year and more
john,The new Apple TV trailer for documentary series Vietnam The War That Changed America documentary looks both informative and moving via Cult of Mac Apple news rumors reviews and how tos
john,One to One takes a deep dive into a pivotal year in the relationship between The Beatles legend John Lennon and Yoko Ono The post One to One John Yoko Sundance Review An innovative look into Lennon s early solo period appeared first on JoBlo
john,How to Play Whole Lotta Love Introduction Whole Lotta Love is a classic rock song written by John Lennon and The post How to play whole lotta love appeared first on Life Sciences World
john,Absolute stone cold legend Also she sang the best version of Working Class Hero ever recorded which wasn t something Lennon really knew about anyway RIP Also Why d You Do It is just about my favorite song of all time One additional point her wor
john,Somewhere the Motown music hitmakers of the s and s such as the original members of the Four Tops and the Temptations who have passed Read More The post For Next Year s Super Bowl How About a Halftime Show Worthy of the Big Game appeared fir
john,Somewhere the Motown music hitmakers of the s and s such as the original members of the Four Tops and The Temptations who have passed Read More The post For Next Year s Super Bowl How About a Halftime Show For the Ages appeared first on The
john,The Marvel Universe has not shied away from using real world figures in its stories Here are real people from history who became heroes
john,The Beatles and former U S President Jimmy Carter carried the night Sunday at the Grammys Taylor Swift and Billie Eilish not so much The post Grammys Surprise The Beatles Jimmy Carter Win Taylor Swift Billie Eilish Snubbed appeared first on Breit
john,Many surgeons listen to music while conducting surgical procedures Music is simply a beautiful form of art that communicates beyond any particular language or age
john,After dirty dancing for Nicole Kidman in Babygirl and launching a million memes Harris Dickinson eyes a star making role as John Lennon as he catapults from indie prodigy to industry powerhouse
john,Larkin Poe the band fronted by sisters Megan and Rebecca Lovell have a new album Bloom out today that testifies to the multitudes of music they contain
john,Louis Vuitton has become an official partner of Formula on the heels of LVMH entering into a year global partnership agreement with the series starting in
john,After previously feuding with Musk pro Israel group rushes to defend gesture which critics compared with Nazi salute
john,The Beatles have become the first act in Grammy history to have won for an AI assisted song Continue reading
john,Some fear collective punishment could be a consequence of the billionaire s relentless posts on child sex abuse cases
john,Paul McCartney told the BBC that would make it harder for artists to retain control of their work and undermine Britain s creative industries
john,She was a wonderful friend a beautiful singer and a great actress Mick Jagger wrote of ex girlfriend Marianne Faithfull who passed Thursday
john,Click on Image to Greatly Enlarge Today Apple TV unveiled the trailer for the new six part documentary series Vietnam The War That Changed America set to premiere globally on January Narrated by Academy Award nominee Ethan Hawke Training Day
john,Why Pete Best Was Replaced The Beatles one of the most influential and iconic rock bands in history underwent significant The post Why was pete best replaced appeared first on Life Sciences World
john,Bath survive a second half fightback to beat Championship side Bedford Blues in the Premiership Rugby Cup
john,Celtic could launch a fresh bid for Motherwell s Lennon Miller with the Premiership champions having already had an offer rejected this month
john,See which celebrities were front row at the Coach Fall ready to wear fashion show Stars like Halle Bailey Coco Jones Sophie Thatcher Jared McCain and more
john,By Barbara Russo Lennon amNY The heat is on but not for thousands of apartments owned by the city s worst landlords NYC Public Advocate Jumaane Williams said on Wednesday Williams unveiled the list of the city s worst landlords all of whom had multi
john,By Barbara Russo Lennon amNY Mayor Eric Adams said Wednesday that the city is building a Bridge to Home for mentally ill New Yorkers in an effort to stop subway violence and tackle homelessness both underground and on the city streets The Bridge to Home
john,By Barbara Russo Lennon amNY Bus riders are losing out as the city s Department of Transportation DOT continues to lack enough funding to get NYC buses moving faster on the streets a new report released on Thursday uncovered The NYC Independent Budget Of
john,By Barbara Russo Lennon amNY New York City delivery trucks will soon have their own snug microhubs to drop off goods around the Big Apple under a city transportation policy implemented on Tuesday Through a three year pilot program the NYC Department of T
john,A lyrical back and forth between Taylor Swift and Matty Healy is just the latest entry in a rich history of public pop beefs
john,Billy Nomates the project of the Bristol based songwriter producer and multi instrumentalist Tor Maries has released the soundtrack to the new play Mary and the Hyenas
john,A new report claims Emmy winning Sh gun Pachinko and Monarch Legacy of Monsters star Anna Sawai is being eyed for the role of Yoko Ono in Sam Mendes quartet of films about the Beatles The InSneider broke the report the potential casting marking the
john,Longtime actor James Marsden discusses playing the President in the new Paradise Hulu series the evolution of his career and the types of roles he wants to do next
john,At Sunday night s Grammys will Beyonc finally win album of the year Will Taylor Swift take that prize for the fifth time Or will a new generation of pop stars claim the moment
john,A collection of some of the best looks from Sunday s ceremony in Los Angeles
john,The show is dedicated to those affected by the wildfires with Billie Eilish and others performing
john,The pilot says he was grateful to walk away with no injuries
john,Boohoo Group s shareholders have voted down a motion proposed by fashion conglomerate Frasers Group aimed at ousting the online fashion retailer s co founder
